vertex ID,user_value,label,original_value,category,extruder,key,type,value,name,rated_id
0,"{755: 70.0, 757: 60.0, 759: 70.0, 937: 60.0, 940: 60.0, 941: 60.0, 993: 62.0, 994: 65.0, 995: 68.0, 996: 70.0, 997: 73.0, 998: 75.0, 999: 75.0, 1001: 75.0, 1002: 75.0, 1003: 75.0, 1004: 75.0, 1005: 70.0, 1006: 75.0, 1007: 75.0, 1008: 75.0, 1009: 75.0, 1010: 75.0, 1011: 75.0, 1012: 75.0, 1013: 75.0, 1014: 75.0, 1015: 75.0, 1016: 75.0, 1017: 75.0, 1018: 75.0, 1019: 75.0, 1020: 75.0, 1021: 75.0, 1022: 75.0, 1023: 75.0, 1024: 75.0, 1025: 75.0, 1026: 75.0, 1027: 75.0, 1028: 75.0, 1029: 75.0, 1030: 75.0, 1031: 75.0, 1048: 75.0, 1049: 75.0, 1050: 75.0, 1051: 75.0, 1052: 75.0, 1053: 75.0, 1054: 75.0, 1055: 75.0, 1056: 75.0, 1057: 75.0, 1058: 75.0, 1060: 75.0, 1061: 75.0, 1062: 75.0, 1063: 75.0, 1064: 75.0, 1065: 75.0, 1066: 75.0, 1067: 75.0, 1068: 75.0, 1069: 75.0, 1071: 75.0, 1072: 75.0, 1073: 75.0, 1074: 75.0, 1075: 75.0, 1076: 75.0, 1077: 75.0, 1078: 75.0, 1079: 75.0, 1080: 75.0, 1081: 75.0, 1082: 75.0, 1083: 75.0, 1084: 75.0, 1085: 75.0, 1086: 75.0, 1087: 75.0, 1088: 75.0, 1089: 75.0, 1090: 75.0, 1091: 75.0, 1092: 75.0, 1093: 75.0, 1094: 75.0, 1095: 75.0, 1096: 75.0, 1097: 75.0, 1098: 75.0, 1114: 75.0, 1115: 75.0, 1116: 75.0, 1119: 75.0, 1121: 75.0, 1123: 75.0, 1124: 75.0, 1125: 75.0, 1126: 75.0, 1127: 70.0, 1128: 70.0, 1129: 70.0, 1130: 70.0, 1131: 70.0, 1137: 70.0, 1138: 70.0, 1139: 70.0, 1140: 70.0, 1141: 70.0, 1142: 70.0, 1143: 70.0, 1144: 70.0, 1145: 70.0, 1146: 70.0, 1147: 70.0, 1148: 70.0, 1149: 70.0, 1150: 70.0, 1151: 70.0, 1152: 70.0, 1153: 70.0, 1154: 70.0, 1155: 70.0, 1156: 75.0, 1157: 75.0, 1158: 75.0, 1159: 75.0, 1160: 75.0, 1161: 75.0, 1162: 75.0, 1163: 75.0, 1164: 75.0, 1165: 75.0, 1166: 75.0, 1167: 75.0, 1168: 75.0, 1169: 75.0, 1170: 75.0, 1177: 60.0, 1178: 60.0, 1179: 60.0, 1180: 60.0, 1181: 60.0, 1182: 60.0, 1184: 60.0, 1185: 60.0, 1192: 75.0, 1193: 75.0, 1200: 60.0, 1208: 80.0, 1214: 80.0, 1215: 80.0, 1216: 70.0, 1217: 80.0, 1218: 85.0, 1219: 80.0, 1222: 85.0, 1223: 80.0, 1224: 80.0, 1225: 80.0, 1226: 80.0, 1228: 80.0, 1229: 75.0, 1230: 80.0, 1231: 80.0, 1243: 70.0, 1244: 70.0, 1248: 75.0, 1249: 75.0, 1250: 71.6, 1251: 75.0, 1252: 75.0, 1253: 75.0, 1254: 75.0, 1255: 73.6, 1256: 75.0, 1257: 75.0, 1258: 75.0, 1259: 75.0, 1261: 80.0, 1264: 80.0, 1265: 80.0, 1266: 80.0, 1272: 80.0, 1273: 80.0, 1274: 80.0, 1275: 80.0, 1278: 69.0, 1279: 61.0, 1280: 66.0, 1281: 70.0, 1283: 62.0, 1284: 61.0, 1285: 59.0, 1286: 65.0, 1287: 69.0, 1288: 62.0, 1289: 61.0, 1290: 71.0, 1291: 65.0, 1292: 62.0, 1293: 63.0, 1294: 58.0, 1295: 71.0, 1296: 69.0, 1298: 67.0, 1299: 61.0, 1300: 63.0, 1301: 64.0, 1302: 63.0, 1303: 71.0, 1305: 68.0, 1306: 67.0, 1307: 70.0, 1308: 70.0, 1309: 70.0, 1310: 70.0, 1311: 70.0, 1313: 70.0, 1314: 70.0, 1315: 80.0, 1316: 80.0, 1318: 70.0, 1319: 75.0, 1320: 75.0, 1322: 85.0, 1323: 80.0, 1324: 80.0, 1325: 80.0, 1327: 80.0, 1328: 85.0, 1329: 85.0, 1330: 85.0, 1332: 75.0, 1333: 80.0, 1334: 80.0, 1335: 80.0, 1336: 80.0, 1338: 70.0, 1339: 70.0, 1340: 70.0, 1343: 70.2, 1344: 75.4, 1345: 80.0, 1347: 70.2, 1348: 70.2, 1349: 70.2, 1352: 70.2, 1353: 70.2, 1354: 70.2, 1355: 70.2, 1356: 68.0, 1357: 68.0, 1365: 75.0}",Build Plate Temperature,"{755: 60.0, 757: 50.0, 759: 60.0, 937: 50.0, 940: 50.0, 941: 50.0, 993: 60.0, 994: 60.0, 995: 60.0, 996: 60.0, 997: 60.0, 998: 60.0, 999: 60.0, 1001: 60.0, 1002: 60.0, 1003: 60.0, 1004: 60.0, 1005: 60.0, 1006: 60.0, 1007: 60.0, 1008: 60.0, 1009: 60.0, 1010: 60.0, 1011: 60.0, 1012: 60.0, 1013: 60.0, 1014: 60.0, 1015: 60.0, 1016: 60.0, 1017: 60.0, 1018: 60.0, 1019: 60.0, 1020: 60.0, 1021: 60.0, 1022: 60.0, 1023: 60.0, 1024: 60.0, 1025: 60.0, 1026: 60.0, 1027: 60.0, 1028: 60.0, 1029: 60.0, 1030: 60.0, 1031: 60.0, 1048: 60.0, 1049: 60.0, 1050: 60.0, 1051: 60.0, 1052: 60.0, 1053: 60.0, 1054: 60.0, 1055: 60.0, 1056: 60.0, 1057: 60.0, 1058: 60.0, 1060: 60.0, 1061: 60.0, 1062: 60.0, 1063: 60.0, 1064: 60.0, 1065: 60.0, 1066: 60.0, 1067: 60.0, 1068: 60.0, 1069: 60.0, 1071: 60.0, 1072: 60.0, 1073: 60.0, 1074: 60.0, 1075: 60.0, 1076: 60.0, 1077: 60.0, 1078: 60.0, 1079: 60.0, 1080: 60.0, 1081: 60.0, 1082: 60.0, 1083: 60.0, 1084: 60.0, 1085: 60.0, 1086: 60.0, 1087: 60.0, 1088: 60.0, 1089: 60.0, 1090: 60.0, 1091: 60.0, 1092: 60.0, 1093: 60.0, 1094: 60.0, 1095: 60.0, 1096: 60.0, 1097: 60.0, 1098: 60.0, 1114: 60.0, 1115: 60.0, 1116: 60.0, 1119: 60.0, 1121: 60.0, 1123: 60.0, 1124: 60.0, 1125: 60.0, 1126: 60.0, 1127: 60.0, 1128: 60.0, 1129: 60.0, 1130: 60.0, 1131: 60.0, 1137: 60.0, 1138: 60.0, 1139: 60.0, 1140: 60.0, 1141: 60.0, 1142: 60.0, 1143: 60.0, 1144: 60.0, 1145: 60.0, 1146: 60.0, 1147: 60.0, 1148: 60.0, 1149: 60.0, 1150: 60.0, 1151: 60.0, 1152: 60.0, 1153: 60.0, 1154: 60.0, 1155: 60.0, 1156: 60.0, 1157: 60.0, 1158: 60.0, 1159: 60.0, 1160: 60.0, 1161: 60.0, 1162: 60.0, 1163: 60.0, 1164: 60.0, 1165: 60.0, 1166: 60.0, 1167: 60.0, 1168: 60.0, 1169: 60.0, 1170: 60.0, 1177: 50.0, 1178: 50.0, 1179: 50.0, 1180: 50.0, 1181: 50.0, 1182: 50.0, 1184: 50.0, 1185: 50.0, 1192: 60.0, 1193: 60.0, 1200: 50.0, 1208: 60.0, 1214: 60.0, 1215: 60.0, 1216: 60.0, 1217: 60.0, 1218: 60.0, 1219: 60.0, 1222: 60.0, 1223: 60.0, 1224: 60.0, 1225: 60.0, 1226: 60.0, 1228: 60.0, 1229: 60.0, 1230: 60.0, 1231: 60.0, 1243: 60.0, 1244: 60.0, 1248: 60.0, 1249: 60.0, 1250: 60.0, 1251: 60.0, 1252: 60.0, 1253: 60.0, 1254: 60.0, 1255: 60.0, 1256: 60.0, 1257: 60.0, 1258: 60.0, 1259: 60.0, 1261: 60.0, 1264: 60.0, 1265: 60.0, 1266: 60.0, 1272: 60.0, 1273: 60.0, 1274: 60.0, 1275: 60.0, 1278: 60.0, 1279: 69.0, 1280: 61.0, 1281: 60.0, 1283: 66.0, 1284: 62.0, 1285: 61.0, 1286: 59.0, 1287: 65.0, 1288: 69.0, 1289: 62.0, 1290: 61.0, 1291: 71.0, 1292: 65.0, 1293: 62.0, 1294: 63.0, 1295: 58.0, 1296: 71.0, 1298: 65.0, 1299: 67.0, 1300: 61.0, 1301: 63.0, 1302: 64.0, 1303: 63.0, 1305: 71.0, 1306: 68.0, 1307: 60.0, 1308: 60.0, 1309: 60.0, 1310: 60.0, 1311: 60.0, 1313: 60.0, 1314: 60.0, 1315: 60.0, 1316: 60.0, 1318: 60.0, 1319: 60.0, 1320: 60.0, 1322: 65.0, 1323: 65.0, 1324: 65.0, 1325: 65.0, 1327: 65.0, 1328: 65.0, 1329: 65.0, 1330: 65.0, 1332: 65.0, 1333: 65.0, 1334: 65.0, 1335: 65.0, 1336: 65.0, 1338: 65.0, 1339: 65.0, 1340: 65.0, 1343: 65.0, 1344: 65.0, 1345: 65.0, 1347: 65.0, 1348: 65.0, 1349: 65.0, 1352: 65.0, 1353: 65.0, 1354: 65.0, 1355: 65.0, 1356: 65.0, 1357: 65.0, 1365: 65.0}",Material,,material_bed_temperature,parameter,,material_bed_temperature,
1,"{755: 210.0, 759: 205.0, 827: 180.0, 828: 180.0, 829: 185.0, 830: 190.0, 831: 195.0, 833: 205.0, 834: 210.0, 835: 215.0, 836: 220.0, 837: 225.0, 838: 230.0, 839: 235.0, 840: 240.0, 841: 210.0, 863: 180.0, 864: 185.0, 865: 190.0, 866: 195.0, 873: 205.0, 874: 210.0, 875: 215.0, 876: 220.0, 877: 225.0, 878: 230.0, 879: 235.0, 880: 240.0, 883: 205.0, 886: 205.0, 887: 180.0, 890: 185.0, 891: 190.0, 892: 195.0, 893: 195.0, 895: 205.0, 896: 210.0, 898: 210.0, 900: 220.0, 901: 180.0, 905: 210.0, 907: 195.0, 910: 190.0, 911: 210.0, 921: 210.0, 924: 195.0, 925: 190.0, 926: 190.0, 927: 215.0, 928: 220.0, 929: 225.0, 930: 185.0, 931: 185.0, 933: 185.0, 934: 185.0, 935: 185.0, 938: 185.0, 941: 190.0, 950: 185.0, 951: 190.0, 952: 195.0, 954: 205.0, 955: 210.0, 956: 215.0, 957: 220.0, 961: 185.0, 962: 190.0, 963: 190.0, 964: 195.0, 966: 205.0, 967: 210.0, 968: 215.0, 970: 195.0, 973: 205.0, 975: 220.0, 1058: 210.0, 1073: 190.0, 1074: 190.0, 1075: 190.0, 1076: 180.0, 1077: 180.0, 1078: 185.0, 1079: 190.0, 1080: 195.0, 1082: 205.0, 1083: 210.0, 1084: 215.0, 1085: 220.0, 1097: 210.0, 1098: 210.0, 1132: 220.0, 1133: 220.0, 1134: 185.0, 1137: 195.0, 1138: 185.0, 1139: 210.0, 1140: 200.0, 1141: 205.0, 1142: 200.0, 1143: 195.0, 1144: 230.0, 1145: 235.0, 1146: 240.0, 1147: 240.0, 1148: 230.0, 1149: 200.0, 1151: 230.0, 1152: 230.0, 1155: 190.0, 1156: 190.0, 1157: 190.0, 1158: 190.0, 1159: 190.0, 1160: 190.0, 1161: 190.0, 1162: 190.0, 1163: 190.0, 1164: 190.0, 1165: 190.0, 1172: 175.0, 1173: 190.0, 1174: 195.0, 1178: 205.0, 1179: 210.0, 1180: 215.0, 1181: 220.0, 1182: 225.0, 1184: 230.0, 1185: 240.0, 1203: 225.0, 1204: 225.0, 1205: 240.0, 1206: 245.0, 1208: 245.0, 1214: 245.0, 1215: 245.0, 1216: 240.0, 1217: 240.0, 1218: 245.0, 1219: 240.0, 1222: 245.0, 1223: 245.0, 1224: 245.0, 1225: 240.0, 1226: 240.0, 1228: 240.0, 1229: 240.0, 1230: 240.0, 1231: 240.0, 1248: 206.6, 1250: 195.0, 1251: 195.0, 1252: 195.0, 1253: 195.0, 1254: 207.0, 1255: 206.6, 1256: 204.0, 1257: 204.0, 1258: 208.0, 1261: 240.0, 1264: 240.0, 1265: 240.0, 1266: 240.0, 1272: 240.0, 1273: 240.0, 1274: 240.0, 1275: 240.0, 1279: 201.0, 1280: 200.0, 1281: 235.0, 1282: 196.0, 1283: 201.0, 1285: 199.0, 1286: 194.0, 1287: 199.0, 1288: 197.0, 1289: 201.0, 1290: 199.0, 1291: 202.0, 1292: 199.0, 1293: 198.0, 1294: 195.0, 1295: 198.0, 1296: 202.0, 1298: 198.0, 1299: 193.0, 1300: 195.6, 1301: 200.0, 1303: 197.0, 1304: 196.0, 1306: 200.0, 1307: 235.0, 1308: 235.0, 1309: 235.0, 1310: 235.0, 1311: 235.0, 1319: 235.0, 1320: 235.0, 1324: 220.0, 1325: 220.0, 1327: 220.0, 1328: 225.0, 1330: 225.0, 1335: 220.0, 1336: 225.0, 1337: 235.0, 1338: 232.5, 1339: 232.5, 1340: 232.5, 1343: 230.45, 1344: 230.45, 1345: 233.27, 1347: 230.45, 1348: 230.45, 1349: 230.45, 1352: 232.82, 1353: 232.82, 1354: 232.82, 1355: 232.82, 1356: 232.82, 1357: 232.82, 1365: 235.0, 1375: 245.0, 1376: 245.0}",Printing Temperature,"{755: 200.0, 759: 200.0, 827: 200.0, 828: 200.0, 829: 200.0, 830: 200.0, 831: 200.0, 833: 200.0, 834: 200.0, 835: 200.0, 836: 200.0, 837: 200.0, 838: 200.0, 839: 200.0, 840: 200.0, 841: 200.0, 863: 200.0, 864: 200.0, 865: 200.0, 866: 200.0, 873: 200.0, 874: 200.0, 875: 200.0, 876: 200.0, 877: 200.0, 878: 200.0, 879: 200.0, 880: 200.0, 883: 200.0, 886: 200.0, 887: 200.0, 890: 200.0, 891: 200.0, 892: 200.0, 893: 200.0, 895: 200.0, 896: 200.0, 898: 200.0, 900: 200.0, 901: 200.0, 905: 200.0, 907: 200.0, 910: 200.0, 911: 200.0, 921: 200.0, 924: 200.0, 925: 200.0, 926: 200.0, 927: 200.0, 928: 200.0, 929: 200.0, 930: 200.0, 931: 200.0, 933: 200.0, 934: 200.0, 935: 200.0, 938: 200.0, 941: 200.0, 950: 200.0, 951: 200.0, 952: 200.0, 954: 200.0, 955: 200.0, 956: 200.0, 957: 200.0, 961: 200.0, 962: 200.0, 963: 200.0, 964: 200.0, 966: 200.0, 967: 200.0, 968: 200.0, 970: 200.0, 973: 200.0, 975: 200.0, 1058: 200.0, 1073: 200.0, 1074: 200.0, 1075: 200.0, 1076: 200.0, 1077: 200.0, 1078: 200.0, 1079: 200.0, 1080: 200.0, 1082: 200.0, 1083: 200.0, 1084: 200.0, 1085: 200.0, 1097: 200.0, 1098: 200.0, 1132: 200.0, 1133: 195.0, 1134: 195.0, 1137: 195.0, 1138: 195.0, 1139: 195.0, 1140: 195.0, 1141: 195.0, 1142: 195.0, 1143: 195.0, 1144: 195.0, 1145: 195.0, 1146: 195.0, 1147: 195.0, 1148: 195.0, 1149: 195.0, 1151: 200.0, 1152: 185.0, 1155: 200.0, 1156: 200.0, 1157: 200.0, 1158: 200.0, 1159: 200.0, 1160: 200.0, 1161: 200.0, 1162: 200.0, 1163: 200.0, 1164: 200.0, 1165: 200.0, 1172: 200.0, 1173: 200.0, 1174: 200.0, 1178: 200.0, 1179: 200.0, 1180: 200.0, 1181: 200.0, 1182: 200.0, 1184: 200.0, 1185: 200.0, 1203: 230.0, 1204: 230.0, 1205: 230.0, 1206: 230.0, 1208: 230.0, 1214: 230.0, 1215: 230.0, 1216: 230.0, 1217: 230.0, 1218: 230.0, 1219: 230.0, 1222: 230.0, 1223: 230.0, 1224: 230.0, 1225: 230.0, 1226: 230.0, 1228: 230.0, 1229: 230.0, 1230: 230.0, 1231: 230.0, 1248: 200.0, 1250: 200.0, 1251: 200.0, 1252: 200.0, 1253: 200.0, 1254: 200.0, 1255: 200.0, 1256: 200.0, 1257: 200.0, 1258: 200.0, 1261: 230.0, 1264: 230.0, 1265: 230.0, 1266: 230.0, 1272: 230.0, 1273: 230.0, 1274: 230.0, 1275: 230.0, 1279: 200.0, 1280: 201.0, 1281: 230.0, 1282: 200.0, 1283: 200.0, 1285: 201.0, 1286: 199.0, 1287: 194.0, 1288: 199.0, 1289: 197.0, 1290: 201.0, 1291: 199.0, 1292: 202.0, 1293: 199.0, 1294: 198.0, 1295: 195.0, 1296: 198.0, 1298: 200.0, 1299: 198.0, 1300: 193.0, 1301: 195.6, 1303: 200.0, 1304: 197.0, 1306: 196.0, 1307: 230.0, 1308: 230.0, 1309: 230.0, 1310: 230.0, 1311: 230.0, 1319: 230.0, 1320: 230.0, 1324: 230.0, 1325: 230.0, 1327: 230.0, 1328: 230.0, 1330: 230.0, 1335: 230.0, 1336: 230.0, 1337: 230.0, 1338: 230.0, 1339: 230.0, 1340: 230.0, 1343: 230.0, 1344: 230.0, 1345: 230.0, 1347: 230.0, 1348: 230.0, 1349: 230.0, 1352: 230.0, 1353: 230.0, 1354: 230.0, 1355: 230.0, 1356: 230.0, 1357: 230.0, 1365: 230.0, 1375: 240.0, 1376: 240.0}",Material,Extruder 1,material_print_temperature,parameter,,material_print_temperature,
2,"{755: 60.0, 759: 96.0, 806: 40.0, 809: 40.0, 897: 55.0, 898: 70.0, 899: 10.0, 900: 40.0, 910: 70.0, 911: 70.0, 912: 70.0, 913: 70.0, 935: 20.0, 947: 50.0, 948: 50.0, 1032: 70.0, 1074: 35.0, 1075: 35.0, 1250: 50.0, 1251: 50.0, 1252: 50.0, 1253: 50.0, 1256: 57.5, 1257: 57.5, 1258: 55.0, 1278: 53.8, 1279: 64.4, 1280: 65.7, 1282: 58.2, 1283: 55.1, 1284: 55.4, 1285: 56.7, 1286: 59.5, 1287: 53.7, 1288: 59.1, 1289: 54.9, 1290: 62.2, 1291: 55.0, 1292: 57.1, 1293: 62.5, 1295: 59.5, 1296: 66.9, 1298: 63.7, 1299: 64.2, 1300: 64.8, 1301: 66.6, 1302: 64.7, 1303: 65.9, 1304: 64.6, 1305: 66.5, 1306: 64.5, 1307: 80.0, 1308: 80.0, 1309: 80.0, 1310: 80.0, 1311: 80.0, 1312: 80.0, 1313: 80.0, 1314: 80.0, 1315: 80.0, 1316: 80.0, 1318: 80.0, 1319: 80.0, 1320: 80.0, 1324: 45.0, 1325: 42.0, 1344: 80.0, 1345: 80.0, 1347: 55.94, 1348: 55.94, 1349: 50.0, 1352: 80.0, 1353: 65.0, 1354: 65.0, 1355: 65.0, 1356: 65.0, 1357: 65.0}",Print Speed,"{755: 50.0, 759: 50.0, 806: 50.0, 809: 50.0, 897: 50.0, 898: 50.0, 899: 50.0, 900: 50.0, 910: 50.0, 911: 50.0, 912: 50.0, 913: 50.0, 935: 45.0, 947: 60.0, 948: 60.0, 1032: 50.0, 1074: 45.0, 1075: 45.0, 1250: 60.0, 1251: 60.0, 1252: 60.0, 1253: 60.0, 1256: 60.0, 1257: 60.0, 1258: 60.0, 1278: 60.0, 1279: 53.8, 1280: 64.4, 1282: 65.7, 1283: 65.7, 1284: 55.1, 1285: 55.4, 1286: 56.7, 1287: 59.5, 1288: 53.7, 1289: 59.1, 1290: 54.9, 1291: 62.2, 1292: 55.0, 1293: 57.1, 1295: 62.5, 1296: 59.5, 1298: 61.6, 1299: 63.7, 1300: 64.2, 1301: 64.8, 1302: 66.6, 1303: 64.7, 1304: 65.9, 1305: 64.6, 1306: 66.5, 1307: 50.0, 1308: 50.0, 1309: 50.0, 1310: 50.0, 1311: 50.0, 1312: 50.0, 1313: 50.0, 1314: 50.0, 1315: 50.0, 1316: 50.0, 1318: 50.0, 1319: 50.0, 1320: 50.0, 1324: 50.0, 1325: 50.0, 1344: 50.0, 1345: 50.0, 1347: 50.0, 1348: 50.0, 1349: 50.0, 1352: 50.0, 1353: 50.0, 1354: 50.0, 1355: 50.0, 1356: 50.0, 1357: 50.0}",Speed,Extruder 1,speed_print,parameter,,speed_print,
3,,,,,,material_type,env_influence,"{755: 1.0, 756: 1.0, 757: 1.0, 759: 1.0, 798: 1.0, 799: 1.0, 800: 1.0, 801: 1.0, 804: 1.0, 806: 1.0, 809: 1.0, 827: 1.0, 828: 1.0, 829: 1.0, 830: 1.0, 831: 1.0, 832: 1.0, 833: 1.0, 834: 1.0, 835: 1.0, 836: 1.0, 837: 1.0, 838: 1.0, 839: 1.0, 840: 1.0, 841: 1.0, 863: 1.0, 864: 1.0, 865: 1.0, 866: 1.0, 872: 1.0, 873: 1.0, 874: 1.0, 875: 1.0, 876: 1.0, 877: 1.0, 878: 1.0, 879: 1.0, 880: 1.0, 883: 1.0, 886: 1.0, 887: 1.0, 890: 1.0, 891: 1.0, 892: 1.0, 893: 1.0, 894: 1.0, 895: 1.0, 896: 1.0, 897: 1.0, 898: 1.0, 899: 1.0, 900: 1.0, 901: 1.0, 902: 1.0, 903: 1.0, 904: 1.0, 905: 1.0, 906: 1.0, 907: 1.0, 908: 1.0, 909: 1.0, 910: 1.0, 911: 1.0, 912: 1.0, 913: 1.0, 916: 1.0, 917: 1.0, 918: 1.0, 919: 1.0, 920: 1.0, 921: 1.0, 922: 1.0, 923: 1.0, 924: 1.0, 925: 1.0, 926: 1.0, 927: 1.0, 928: 1.0, 929: 1.0, 930: 1.0, 931: 1.0, 932: 1.0, 933: 1.0, 934: 1.0, 935: 1.0, 937: 1.0, 938: 1.0, 940: 1.0, 941: 1.0, 943: 1.0, 944: 1.0, 945: 1.0, 946: 1.0, 947: 1.0, 948: 1.0, 949: 1.0, 950: 1.0, 951: 1.0, 952: 1.0, 953: 1.0, 954: 1.0, 955: 1.0, 956: 1.0, 957: 1.0, 958: 1.0, 959: 1.0, 960: 1.0, 961: 1.0, 962: 1.0, 963: 1.0, 964: 1.0, 965: 1.0, 966: 1.0, 967: 1.0, 968: 1.0, 970: 1.0, 971: 1.0, 972: 1.0, 973: 1.0, 975: 1.0, 976: 1.0, 977: 1.0, 978: 1.0, 979: 1.0, 980: 1.0, 981: 1.0, 982: 1.0, 983: 1.0, 984: 1.0, 985: 1.0, 986: 1.0, 987: 1.0, 988: 1.0, 989: 1.0, 990: 1.0, 991: 1.0, 992: 1.0, 993: 1.0, 994: 1.0, 995: 1.0, 996: 1.0, 997: 1.0, 998: 1.0, 999: 1.0, 1000: 1.0, 1001: 1.0, 1002: 1.0, 1003: 1.0, 1004: 1.0, 1005: 1.0, 1006: 1.0, 1007: 1.0, 1008: 1.0, 1009: 1.0, 1010: 1.0, 1011: 1.0, 1012: 1.0, 1013: 1.0, 1014: 1.0, 1015: 1.0, 1016: 1.0, 1017: 1.0, 1018: 1.0, 1019: 1.0, 1020: 1.0, 1021: 1.0, 1022: 1.0, 1023: 1.0, 1024: 1.0, 1025: 1.0, 1026: 1.0, 1027: 1.0, 1028: 1.0, 1029: 1.0, 1030: 1.0, 1031: 1.0, 1032: 1.0, 1033: 1.0, 1034: 1.0, 1035: 1.0, 1036: 1.0, 1037: 1.0, 1038: 1.0, 1039: 1.0, 1040: 1.0, 1041: 1.0, 1042: 1.0, 1043: 1.0, 1044: 1.0, 1045: 1.0, 1046: 1.0, 1047: 1.0, 1048: 1.0, 1049: 1.0, 1050: 1.0, 1051: 1.0, 1052: 1.0, 1053: 1.0, 1054: 1.0, 1055: 1.0, 1056: 1.0, 1057: 1.0, 1058: 1.0, 1060: 1.0, 1061: 1.0, 1062: 1.0, 1063: 1.0, 1064: 1.0, 1065: 1.0, 1066: 1.0, 1067: 1.0, 1068: 1.0, 1069: 1.0, 1070: 1.0, 1071: 1.0, 1072: 1.0, 1073: 1.0, 1074: 1.0, 1075: 1.0, 1076: 1.0, 1077: 1.0, 1078: 1.0, 1079: 1.0, 1080: 1.0, 1081: 1.0, 1082: 1.0, 1083: 1.0, 1084: 1.0, 1085: 1.0, 1086: 1.0, 1087: 1.0, 1088: 1.0, 1089: 1.0, 1090: 1.0, 1091: 1.0, 1092: 1.0, 1093: 1.0, 1094: 1.0, 1095: 1.0, 1096: 1.0, 1097: 1.0, 1098: 1.0, 1114: 1.0, 1115: 1.0, 1116: 1.0, 1119: 1.0, 1121: 1.0, 1123: 1.0, 1124: 1.0, 1125: 1.0, 1126: 1.0, 1127: 1.0, 1128: 1.0, 1129: 1.0, 1130: 1.0, 1131: 1.0, 1132: 1.0, 1133: 1.0, 1134: 1.0, 1137: 1.0, 1138: 1.0, 1139: 1.0, 1140: 1.0, 1141: 1.0, 1142: 1.0, 1143: 1.0, 1144: 1.0, 1145: 1.0, 1146: 1.0, 1147: 1.0, 1148: 1.0, 1149: 1.0, 1150: 1.0, 1151: 1.0, 1152: 1.0, 1153: 1.0, 1154: 1.0, 1155: 1.0, 1156: 1.0, 1157: 1.0, 1158: 1.0, 1159: 1.0, 1160: 1.0, 1161: 1.0, 1162: 1.0, 1163: 1.0, 1164: 1.0, 1165: 1.0, 1166: 1.0, 1167: 1.0, 1168: 1.0, 1169: 1.0, 1170: 1.0, 1172: 1.0, 1173: 1.0, 1174: 1.0, 1177: 1.0, 1178: 1.0, 1179: 1.0, 1180: 1.0, 1181: 1.0, 1182: 1.0, 1184: 1.0, 1185: 1.0, 1186: 1.0, 1192: 1.0, 1193: 1.0, 1194: 1.0, 1195: 1.0, 1196: 1.0, 1197: 1.0, 1199: 1.0, 1200: 1.0, 1203: 0.0, 1204: 0.0, 1205: 0.0, 1206: 0.0, 1208: 0.0, 1214: 0.0, 1215: 0.0, 1216: 0.0, 1217: 0.0, 1218: 0.0, 1219: 0.0, 1222: 0.0, 1223: 0.0, 1224: 0.0, 1225: 0.0, 1226: 0.0, 1228: 0.0, 1229: 0.0, 1230: 0.0, 1231: 0.0, 1242: 1.0, 1243: 1.0, 1244: 1.0, 1247: 1.0, 1248: 1.0, 1249: 1.0, 1250: 1.0, 1251: 1.0, 1252: 1.0, 1253: 1.0, 1254: 1.0, 1255: 1.0, 1256: 1.0, 1257: 1.0, 1258: 1.0, 1259: 1.0, 1261: 0.0, 1264: 0.0, 1265: 0.0, 1266: 0.0, 1272: 0.0, 1273: 0.0, 1274: 0.0, 1275: 0.0, 1278: 1.0, 1279: 1.0, 1280: 1.0, 1281: 0.0, 1282: 1.0, 1283: 1.0, 1284: 1.0, 1285: 1.0, 1286: 1.0, 1287: 1.0, 1288: 1.0, 1289: 1.0, 1290: 1.0, 1291: 1.0, 1292: 1.0, 1293: 1.0, 1294: 1.0, 1295: 1.0, 1296: 1.0, 1297: 1.0, 1298: 1.0, 1299: 1.0, 1300: 1.0, 1301: 1.0, 1302: 1.0, 1303: 1.0, 1304: 1.0, 1305: 1.0, 1306: 1.0, 1307: 0.0, 1308: 0.0, 1309: 0.0, 1310: 0.0, 1311: 0.0, 1312: 0.0, 1313: 0.0, 1314: 0.0, 1315: 0.0, 1316: 0.0, 1318: 0.0, 1319: 0.0, 1320: 0.0, 1321: 0.0, 1322: 0.0, 1323: 0.0, 1324: 0.0, 1325: 0.0, 1326: 0.0, 1327: 0.0, 1328: 0.0, 1329: 0.0, 1330: 0.0, 1331: 0.0, 1332: 0.0, 1333: 0.0, 1334: 0.0, 1335: 0.0, 1336: 0.0, 1337: 0.0, 1338: 0.0, 1339: 0.0, 1340: 0.0, 1342: 0.0, 1343: 0.0, 1344: 0.0, 1345: 0.0, 1346: 0.0, 1347: 0.0, 1348: 0.0, 1349: 0.0, 1350: 0.0, 1352: 0.0, 1353: 0.0, 1354: 0.0, 1355: 0.0, 1356: 0.0, 1357: 0.0, 1365: 0.0, 1375: 0.0, 1376: 0.0, 1377: 0.0, 1378: 0.0}",material_type,
4,,,,,,material_producer,env_influence,"{755: 5.0, 756: 5.0, 757: 5.0, 759: 5.0, 798: 5.0, 799: 5.0, 800: 5.0, 801: 5.0, 804: 5.0, 806: 5.0, 809: 5.0, 827: 1.0, 828: 1.0, 829: 1.0, 830: 1.0, 831: 1.0, 832: 1.0, 833: 1.0, 834: 1.0, 835: 1.0, 836: 1.0, 837: 1.0, 838: 1.0, 839: 1.0, 840: 1.0, 841: 1.0, 863: 3.0, 864: 3.0, 865: 3.0, 866: 3.0, 872: 3.0, 873: 3.0, 874: 3.0, 875: 3.0, 876: 3.0, 877: 3.0, 878: 3.0, 879: 3.0, 880: 3.0, 883: 2.0, 886: 2.0, 887: 2.0, 890: 2.0, 891: 2.0, 892: 2.0, 893: 2.0, 894: 2.0, 895: 2.0, 896: 2.0, 897: 5.0, 898: 5.0, 899: 5.0, 900: 5.0, 901: 5.0, 902: 5.0, 903: 5.0, 904: 5.0, 905: 5.0, 906: 5.0, 907: 5.0, 908: 4.0, 909: 4.0, 910: 4.0, 911: 4.0, 912: 4.0, 913: 4.0, 916: 7.0, 917: 7.0, 918: 7.0, 919: 7.0, 920: 7.0, 921: 5.0, 922: 5.0, 923: 5.0, 924: 5.0, 925: 5.0, 926: 5.0, 927: 2.0, 928: 2.0, 929: 2.0, 930: 2.0, 931: 2.0, 932: 5.0, 933: 2.0, 934: 2.0, 935: 2.0, 937: 5.0, 938: 2.0, 940: 5.0, 941: 5.0, 943: 2.0, 944: 7.0, 945: 7.0, 946: 7.0, 947: 7.0, 948: 7.0, 949: 7.0, 950: 1.0, 951: 1.0, 952: 1.0, 953: 1.0, 954: 1.0, 955: 1.0, 956: 1.0, 957: 1.0, 958: 1.0, 959: 1.0, 960: 1.0, 961: 6.0, 962: 6.0, 963: 6.0, 964: 6.0, 965: 6.0, 966: 6.0, 967: 6.0, 968: 6.0, 970: 6.0, 971: 6.0, 972: 6.0, 973: 6.0, 975: 6.0, 976: 6.0, 977: 1.0, 978: 1.0, 979: 1.0, 980: 2.0, 981: 3.0, 982: 6.0, 983: 6.0, 984: 3.0, 985: 3.0, 986: 3.0, 987: 3.0, 988: 3.0, 989: 3.0, 990: 3.0, 991: 3.0, 992: 3.0, 993: 3.0, 994: 3.0, 995: 3.0, 996: 3.0, 997: 3.0, 998: 3.0, 999: 3.0, 1000: 3.0, 1001: 3.0, 1002: 3.0, 1003: 3.0, 1004: 3.0, 1005: 1.0, 1006: 1.0, 1007: 1.0, 1008: 1.0, 1009: 1.0, 1010: 1.0, 1011: 1.0, 1012: 1.0, 1013: 1.0, 1014: 1.0, 1015: 1.0, 1016: 1.0, 1017: 1.0, 1018: 1.0, 1019: 1.0, 1020: 1.0, 1021: 1.0, 1022: 1.0, 1023: 1.0, 1024: 1.0, 1025: 1.0, 1026: 1.0, 1027: 1.0, 1028: 1.0, 1029: 1.0, 1030: 1.0, 1031: 1.0, 1032: 4.0, 1033: 5.0, 1034: 1.0, 1035: 1.0, 1036: 1.0, 1037: 1.0, 1038: 1.0, 1039: 1.0, 1040: 1.0, 1041: 1.0, 1042: 5.0, 1043: 5.0, 1044: 5.0, 1045: 5.0, 1046: 3.0, 1047: 3.0, 1048: 3.0, 1049: 3.0, 1050: 3.0, 1051: 3.0, 1052: 3.0, 1053: 3.0, 1054: 3.0, 1055: 3.0, 1056: 3.0, 1057: 3.0, 1058: 3.0, 1060: 3.0, 1061: 3.0, 1062: 3.0, 1063: 3.0, 1064: 3.0, 1065: 3.0, 1066: 3.0, 1067: 3.0, 1068: 3.0, 1069: 3.0, 1070: 3.0, 1071: 3.0, 1072: 3.0, 1073: 3.0, 1074: 3.0, 1075: 3.0, 1076: 2.0, 1077: 2.0, 1078: 2.0, 1079: 2.0, 1080: 2.0, 1081: 2.0, 1082: 2.0, 1083: 2.0, 1084: 2.0, 1085: 2.0, 1086: 2.0, 1087: 2.0, 1088: 2.0, 1089: 2.0, 1090: 2.0, 1091: 3.0, 1092: 3.0, 1093: 3.0, 1094: 3.0, 1095: 3.0, 1096: 3.0, 1097: 3.0, 1098: 3.0, 1114: 2.0, 1115: 2.0, 1116: 2.0, 1119: 2.0, 1121: 2.0, 1123: 2.0, 1124: 2.0, 1125: 2.0, 1126: 2.0, 1127: 6.0, 1128: 3.0, 1129: 2.0, 1130: 6.0, 1131: 3.0, 1132: 3.0, 1133: 6.0, 1134: 6.0, 1137: 6.0, 1138: 6.0, 1139: 6.0, 1140: 6.0, 1141: 6.0, 1142: 6.0, 1143: 6.0, 1144: 6.0, 1145: 6.0, 1146: 6.0, 1147: 6.0, 1148: 6.0, 1149: 6.0, 1150: 3.0, 1151: 3.0, 1152: 2.0, 1153: 3.0, 1154: 3.0, 1155: 3.0, 1156: 3.0, 1157: 3.0, 1158: 3.0, 1159: 3.0, 1160: 3.0, 1161: 3.0, 1162: 3.0, 1163: 3.0, 1164: 3.0, 1165: 3.0, 1166: 6.0, 1167: 6.0, 1168: 6.0, 1169: 6.0, 1170: 6.0, 1172: 5.0, 1173: 5.0, 1174: 5.0, 1177: 5.0, 1178: 5.0, 1179: 5.0, 1180: 5.0, 1181: 5.0, 1182: 5.0, 1184: 5.0, 1185: 5.0, 1186: 5.0, 1192: 2.0, 1193: 2.0, 1194: 5.0, 1195: 5.0, 1196: 5.0, 1197: 5.0, 1199: 5.0, 1200: 5.0, 1203: 0.0, 1204: 0.0, 1205: 0.0, 1206: 0.0, 1208: 0.0, 1214: 0.0, 1215: 0.0, 1216: 0.0, 1217: 0.0, 1218: 0.0, 1219: 0.0, 1222: 0.0, 1223: 0.0, 1224: 0.0, 1225: 0.0, 1226: 0.0, 1228: 0.0, 1229: 0.0, 1230: 0.0, 1231: 0.0, 1242: 3.0, 1243: 3.0, 1244: 3.0, 1247: 3.0, 1248: 3.0, 1249: 3.0, 1250: 3.0, 1251: 3.0, 1252: 3.0, 1253: 3.0, 1254: 3.0, 1255: 3.0, 1256: 3.0, 1257: 3.0, 1258: 3.0, 1259: 3.0, 1261: 0.0, 1264: 0.0, 1265: 0.0, 1266: 0.0, 1272: 0.0, 1273: 0.0, 1274: 0.0, 1275: 0.0, 1278: 3.0, 1279: 1.0, 1280: 6.0, 1281: 0.0, 1282: 1.0, 1283: 6.0, 1284: 2.0, 1285: 1.0, 1286: 6.0, 1287: 3.0, 1288: 6.0, 1289: 3.0, 1290: 6.0, 1291: 1.0, 1292: 6.0, 1293: 3.0, 1294: 3.0, 1295: 1.0, 1296: 1.0, 1297: 1.0, 1298: 6.0, 1299: 6.0, 1300: 3.0, 1301: 6.0, 1302: 6.0, 1303: 1.0, 1304: 6.0, 1305: 1.0, 1306: 1.0, 1307: 0.0, 1308: 0.0, 1309: 0.0, 1310: 0.0, 1311: 0.0, 1312: 0.0, 1313: 0.0, 1314: 0.0, 1315: 0.0, 1316: 0.0, 1318: 0.0, 1319: 0.0, 1320: 0.0, 1321: 0.0, 1322: 0.0, 1323: 0.0, 1324: 0.0, 1325: 0.0, 1326: 0.0, 1327: 0.0, 1328: 0.0, 1329: 0.0, 1330: 0.0, 1331: 0.0, 1332: 0.0, 1333: 0.0, 1334: 0.0, 1335: 0.0, 1336: 0.0, 1337: 0.0, 1338: 0.0, 1339: 0.0, 1340: 0.0, 1342: 0.0, 1343: 0.0, 1344: 0.0, 1345: 0.0, 1346: 0.0, 1347: 0.0, 1348: 0.0, 1349: 0.0, 1350: 0.0, 1352: 0.0, 1353: 0.0, 1354: 0.0, 1355: 0.0, 1356: 0.0, 1357: 0.0, 1365: 0.0, 1375: 0.0, 1376: 0.0, 1377: 0.0, 1378: 0.0}",material_producer,
5,,,,,,material_color,env_influence,"{755: 0.0, 756: 0.0, 757: 0.0, 759: 0.0, 798: 0.0, 799: 0.0, 800: 0.0, 801: 0.0, 804: 0.0, 806: 0.0, 809: 0.0, 827: 7.0, 828: 7.0, 829: 7.0, 830: 7.0, 831: 7.0, 832: 7.0, 833: 7.0, 834: 7.0, 835: 7.0, 836: 7.0, 837: 7.0, 838: 7.0, 839: 7.0, 840: 7.0, 841: 7.0, 863: 5.0, 864: 5.0, 865: 5.0, 866: 5.0, 872: 5.0, 873: 5.0, 874: 5.0, 875: 5.0, 876: 5.0, 877: 5.0, 878: 5.0, 879: 5.0, 880: 5.0, 883: 0.0, 886: 0.0, 887: 0.0, 890: 0.0, 891: 0.0, 892: 0.0, 893: 0.0, 894: 0.0, 895: 0.0, 896: 0.0, 897: 0.0, 898: 0.0, 899: 0.0, 900: 0.0, 901: 0.0, 902: 0.0, 903: 0.0, 904: 0.0, 905: 0.0, 906: 0.0, 907: 0.0, 908: 3.0, 909: 3.0, 910: 3.0, 911: 3.0, 912: 0.0, 913: 0.0, 916: 3.0, 917: 3.0, 918: 3.0, 919: 3.0, 920: 3.0, 921: 0.0, 922: 3.0, 923: 3.0, 924: 3.0, 925: 3.0, 926: 3.0, 927: 0.0, 928: 0.0, 929: 0.0, 930: 0.0, 931: 0.0, 932: 3.0, 933: 0.0, 934: 0.0, 935: 0.0, 937: 3.0, 938: 0.0, 940: 3.0, 941: 3.0, 943: 0.0, 944: 3.0, 945: 3.0, 946: 3.0, 947: 3.0, 948: 3.0, 949: 3.0, 950: 8.0, 951: 8.0, 952: 8.0, 953: 8.0, 954: 8.0, 955: 8.0, 956: 8.0, 957: 8.0, 958: 8.0, 959: 8.0, 960: 8.0, 961: 1.0, 962: 1.0, 963: 1.0, 964: 1.0, 965: 1.0, 966: 1.0, 967: 1.0, 968: 1.0, 970: 1.0, 971: 1.0, 972: 1.0, 973: 1.0, 975: 1.0, 976: 1.0, 977: 8.0, 978: 8.0, 979: 0.0, 980: 0.0, 981: 5.0, 982: 1.0, 983: 1.0, 984: 5.0, 985: 5.0, 986: 5.0, 987: 5.0, 988: 5.0, 989: 5.0, 990: 5.0, 991: 5.0, 992: 5.0, 993: 5.0, 994: 5.0, 995: 5.0, 996: 5.0, 997: 5.0, 998: 5.0, 999: 5.0, 1000: 5.0, 1001: 5.0, 1002: 5.0, 1003: 5.0, 1004: 5.0, 1005: 8.0, 1006: 8.0, 1007: 8.0, 1008: 8.0, 1009: 8.0, 1010: 8.0, 1011: 8.0, 1012: 8.0, 1013: 8.0, 1014: 8.0, 1015: 8.0, 1016: 8.0, 1017: 8.0, 1018: 8.0, 1019: 8.0, 1020: 8.0, 1021: 8.0, 1022: 8.0, 1023: 8.0, 1024: 8.0, 1025: 8.0, 1026: 8.0, 1027: 8.0, 1028: 8.0, 1029: 8.0, 1030: 8.0, 1031: 8.0, 1032: 0.0, 1033: 3.0, 1034: 8.0, 1035: 8.0, 1036: 8.0, 1037: 8.0, 1038: 8.0, 1039: 8.0, 1040: 8.0, 1041: 8.0, 1042: 3.0, 1043: 3.0, 1044: 3.0, 1045: 3.0, 1046: 5.0, 1047: 5.0, 1048: 5.0, 1049: 5.0, 1050: 5.0, 1051: 5.0, 1052: 5.0, 1053: 5.0, 1054: 5.0, 1055: 5.0, 1056: 5.0, 1057: 5.0, 1058: 5.0, 1060: 5.0, 1061: 5.0, 1062: 5.0, 1063: 5.0, 1064: 5.0, 1065: 5.0, 1066: 5.0, 1067: 5.0, 1068: 5.0, 1069: 5.0, 1070: 5.0, 1071: 5.0, 1072: 5.0, 1073: 5.0, 1074: 5.0, 1075: 5.0, 1076: 6.0, 1077: 6.0, 1078: 6.0, 1079: 6.0, 1080: 6.0, 1081: 6.0, 1082: 6.0, 1083: 6.0, 1084: 6.0, 1085: 6.0, 1086: 6.0, 1087: 6.0, 1088: 6.0, 1089: 6.0, 1090: 6.0, 1091: 5.0, 1092: 5.0, 1093: 5.0, 1094: 5.0, 1095: 5.0, 1096: 5.0, 1097: 5.0, 1098: 5.0, 1114: 6.0, 1115: 6.0, 1116: 6.0, 1119: 6.0, 1121: 6.0, 1123: 6.0, 1124: 6.0, 1125: 6.0, 1126: 6.0, 1127: 1.0, 1128: 5.0, 1129: 0.0, 1130: 1.0, 1131: 5.0, 1132: 5.0, 1133: 1.0, 1134: 1.0, 1137: 1.0, 1138: 1.0, 1139: 1.0, 1140: 1.0, 1141: 1.0, 1142: 1.0, 1143: 1.0, 1144: 1.0, 1145: 1.0, 1146: 1.0, 1147: 1.0, 1148: 1.0, 1149: 1.0, 1150: 5.0, 1151: 5.0, 1152: 0.0, 1153: 5.0, 1154: 5.0, 1155: 5.0, 1156: 5.0, 1157: 5.0, 1158: 5.0, 1159: 5.0, 1160: 5.0, 1161: 5.0, 1162: 5.0, 1163: 5.0, 1164: 5.0, 1165: 5.0, 1166: 1.0, 1167: 1.0, 1168: 1.0, 1169: 1.0, 1170: 1.0, 1172: 3.0, 1173: 3.0, 1174: 3.0, 1177: 3.0, 1178: 3.0, 1179: 3.0, 1180: 3.0, 1181: 3.0, 1182: 3.0, 1184: 3.0, 1185: 3.0, 1186: 3.0, 1192: 0.0, 1193: 0.0, 1194: 3.0, 1195: 3.0, 1196: 3.0, 1197: 3.0, 1199: 3.0, 1200: 3.0, 1203: 4.0, 1204: 4.0, 1205: 4.0, 1206: 4.0, 1208: 4.0, 1214: 4.0, 1215: 4.0, 1216: 4.0, 1217: 4.0, 1218: 4.0, 1219: 4.0, 1222: 4.0, 1223: 4.0, 1224: 4.0, 1225: 4.0, 1226: 4.0, 1228: 4.0, 1229: 4.0, 1230: 4.0, 1231: 4.0, 1242: 5.0, 1243: 5.0, 1244: 5.0, 1247: 5.0, 1248: 5.0, 1249: 5.0, 1250: 5.0, 1251: 5.0, 1252: 5.0, 1253: 5.0, 1254: 5.0, 1255: 5.0, 1256: 5.0, 1257: 5.0, 1258: 5.0, 1259: 5.0, 1261: 4.0, 1264: 4.0, 1265: 4.0, 1266: 4.0, 1272: 4.0, 1273: 4.0, 1274: 4.0, 1275: 4.0, 1278: 5.0, 1279: 2.0, 1280: 1.0, 1281: 4.0, 1282: 2.0, 1283: 1.0, 1284: 0.0, 1285: 2.0, 1286: 1.0, 1287: 5.0, 1288: 1.0, 1289: 5.0, 1290: 1.0, 1291: 2.0, 1292: 1.0, 1293: 5.0, 1294: 5.0, 1295: 8.0, 1296: 2.0, 1297: 2.0, 1298: 1.0, 1299: 1.0, 1300: 5.0, 1301: 1.0, 1302: 1.0, 1303: 2.0, 1304: 1.0, 1305: 2.0, 1306: 8.0, 1307: 4.0, 1308: 4.0, 1309: 4.0, 1310: 4.0, 1311: 4.0, 1312: 4.0, 1313: 4.0, 1314: 4.0, 1315: 4.0, 1316: 4.0, 1318: 4.0, 1319: 4.0, 1320: 4.0, 1321: 4.0, 1322: 4.0, 1323: 4.0, 1324: 4.0, 1325: 4.0, 1326: 4.0, 1327: 4.0, 1328: 4.0, 1329: 4.0, 1330: 4.0, 1331: 4.0, 1332: 4.0, 1333: 4.0, 1334: 4.0, 1335: 4.0, 1336: 4.0, 1337: 4.0, 1338: 4.0, 1339: 4.0, 1340: 4.0, 1342: 4.0, 1343: 4.0, 1344: 4.0, 1345: 4.0, 1346: 4.0, 1347: 4.0, 1348: 4.0, 1349: 4.0, 1350: 4.0, 1352: 4.0, 1353: 4.0, 1354: 4.0, 1355: 4.0, 1356: 4.0, 1357: 4.0, 1365: 4.0, 1375: 4.0, 1376: 4.0, 1377: 4.0, 1378: 4.0}",material_color,
6,"{756: 1.0, 1018: 1.0, 1023: 1.0, 1024: 1.0, 1025: 1.0, 1026: 1.0, 1027: 1.0, 1028: 1.0, 1029: 1.0, 1093: 1.0, 1248: 1.0, 1261: 1.0, 1280: 1.0, 1292: 0.0}",Generate Support,"{756: 0.0, 1018: 0.0, 1023: 0.0, 1024: 0.0, 1025: 0.0, 1026: 0.0, 1027: 0.0, 1028: 0.0, 1029: 0.0, 1093: 0.0, 1248: 0.0, 1261: 0.0, 1280: 0.0, 1292: 1.0}",Support,,support_enable,parameter,,support_enable,
7,,,,,,humidity,env_influence,"{756: 47.1, 757: 49.3, 759: 46.1, 798: 43.5, 799: 43.2, 800: 43.2, 801: 44.5, 804: 42.2, 806: 43.7, 809: 42.0, 891: 58.6, 892: 58.2, 894: 57.6, 895: 57.9, 896: 60.0, 897: 47.2, 898: 45.8, 899: 45.6, 900: 44.1, 901: 43.1, 902: 54.5, 903: 49.0, 904: 47.9, 905: 48.0, 906: 47.2, 907: 46.9, 908: 47.8, 909: 47.0, 910: 48.1, 911: 47.9, 912: 47.9, 913: 48.0, 921: 50.1, 922: 48.3, 923: 46.4, 924: 46.4, 925: 47.2, 926: 47.0, 932: 53.4, 937: 49.2, 940: 49.3, 941: 48.1, 1032: 45.2, 1033: 43.8, 1042: 43.8, 1043: 43.1, 1044: 42.9, 1045: 44.1, 1172: 40.5, 1173: 39.3, 1174: 38.4, 1178: 36.8, 1179: 36.4, 1180: 35.1, 1181: 34.2, 1182: 34.8, 1184: 33.6, 1185: 33.7, 1194: 38.0, 1195: 35.2, 1196: 34.9, 1197: 35.1, 1199: 34.6, 1200: 33.3, 1203: 34.1, 1204: 33.3, 1205: 33.8, 1206: 32.3, 1208: 38.1, 1214: 32.3, 1215: 30.2, 1216: 30.3, 1217: 29.4, 1218: 29.1, 1219: 24.9, 1222: 34.0, 1223: 31.0, 1224: 30.5, 1225: 28.3, 1226: 29.5, 1228: 33.7, 1229: 27.9, 1230: 25.3, 1231: 20.9, 1261: 55.8, 1265: 53.2, 1266: 45.8, 1272: 49.3, 1273: 48.3, 1274: 53.1, 1275: 49.3, 1281: 51.0, 1307: 51.9, 1308: 47.5, 1309: 54.4, 1310: 55.3, 1311: 52.8, 1312: 52.1, 1313: 52.3, 1314: 57.6, 1315: 55.6, 1316: 52.8, 1318: 49.8, 1319: 51.3, 1320: 57.7, 1321: 51.1, 1322: 49.7, 1323: 47.5, 1324: 47.5, 1325: 44.9, 1326: 50.9, 1327: 49.2, 1328: 48.5, 1329: 47.4, 1330: 47.4, 1331: 51.8, 1332: 49.0, 1333: 47.8, 1334: 48.0, 1335: 47.6, 1336: 47.3, 1337: 50.1, 1338: 48.0, 1339: 47.1, 1340: 47.3, 1342: 56.5, 1343: 55.6, 1344: 53.4, 1345: 51.8, 1346: 52.3, 1347: 50.8, 1348: 49.5, 1349: 48.6, 1350: 48.9, 1352: 49.5, 1353: 48.3, 1365: -999.0, 1375: 39.5, 1376: 37.4, 1377: 28.5, 1378: 27.4}",humidity,
8,,,,,,temperature,env_influence,"{756: 27.8, 757: 27.4, 759: 28.6, 798: 24.8, 799: 25.2, 800: 25.3, 801: 24.4, 804: 26.1, 806: 25.1, 809: 26.2, 891: 20.3, 892: 20.8, 894: 20.7, 895: 20.8, 896: 20.9, 897: 19.5, 898: 20.3, 899: 20.4, 900: 21.4, 901: 22.5, 902: 18.2, 903: 20.0, 904: 20.6, 905: 20.8, 906: 21.1, 907: 21.2, 908: 21.1, 909: 21.0, 910: 20.5, 911: 20.6, 912: 20.8, 913: 20.7, 921: 18.7, 922: 20.1, 923: 20.5, 924: 20.8, 925: 20.7, 926: 20.9, 932: 16.8, 937: 18.3, 940: 18.6, 941: 18.6, 1032: 15.6, 1033: 15.9, 1042: 16.1, 1043: 16.3, 1044: 16.4, 1045: 15.9, 1172: 13.5, 1173: 14.1, 1174: 14.3, 1178: 14.7, 1179: 15.9, 1180: 17.0, 1181: 17.6, 1182: 18.0, 1184: 18.4, 1185: 18.6, 1194: 16.1, 1195: 16.9, 1196: 17.2, 1197: 17.7, 1199: 18.5, 1200: 19.3, 1203: 19.2, 1204: 19.2, 1205: 19.7, 1206: 20.2, 1208: 18.5, 1214: 21.2, 1215: 22.7, 1216: 23.3, 1217: 23.5, 1218: 23.8, 1219: 26.3, 1222: 17.6, 1223: 19.3, 1224: 20.1, 1225: 20.9, 1226: 20.1, 1228: 18.5, 1229: 22.4, 1230: 25.5, 1231: 30.5, 1261: 23.5, 1265: 24.2, 1266: 27.5, 1272: 25.5, 1273: 25.7, 1274: 23.5, 1275: 24.9, 1281: 24.0, 1307: 22.9, 1308: 24.7, 1309: 21.9, 1310: 20.5, 1311: 21.2, 1312: 21.5, 1313: 21.4, 1314: 20.6, 1315: 21.2, 1316: 22.7, 1318: 24.0, 1319: 23.2, 1320: 20.6, 1321: 23.6, 1322: 24.5, 1323: 25.7, 1324: 25.8, 1325: 26.7, 1326: 24.7, 1327: 25.6, 1328: 26.4, 1329: 26.6, 1330: 26.9, 1331: 24.5, 1332: 26.1, 1333: 26.8, 1334: 27.0, 1335: 27.2, 1336: 27.6, 1337: 25.4, 1338: 26.6, 1339: 27.2, 1340: 27.6, 1342: 24.1, 1343: 24.2, 1344: 24.8, 1345: 25.2, 1346: 22.1, 1347: 22.7, 1348: 23.3, 1349: 23.5, 1350: 23.3, 1352: 23.3, 1353: 23.5, 1365: -999.0, 1375: 16.5, 1376: 17.9, 1377: 24.7, 1378: 26.7}",temperature,
9,"{759: 0.0, 1261: 0.0}",Support Placement,"{759: 1.0, 1261: 1.0}",Support,,support_type,parameter,,support_type,
10,"{806: 0.19, 809: 0.19, 899: 0.15, 1256: 0.1, 1257: 0.1, 1258: 0.05, 1264: 0.3, 1344: 0.15, 1345: 0.15, 1347: 0.15, 1348: 0.15, 1349: 0.15, 1353: 0.15, 1354: 0.15, 1355: 0.15, 1356: 0.1, 1357: 0.1}",Layer Height,"{806: 0.2, 809: 0.2, 899: 0.2, 1256: 0.15, 1257: 0.15, 1258: 0.15, 1264: 0.2, 1344: 0.2, 1345: 0.2, 1347: 0.2, 1348: 0.2, 1349: 0.2, 1353: 0.2, 1354: 0.2, 1355: 0.2, 1356: 0.2, 1357: 0.2}",Quality,,layer_height,parameter,,layer_height,
11,"{827: 180.0, 828: 180.0, 829: 185.0, 863: 180.0, 864: 185.0, 866: 195.0, 872: 200.0, 873: 205.0, 874: 210.0, 875: 215.0, 876: 220.0, 877: 225.0, 878: 230.0, 879: 235.0, 880: 240.0, 883: 205.0, 886: 205.0, 887: 180.0, 890: 185.0, 892: 195.0, 893: 195.0, 894: 200.0, 895: 205.0, 896: 210.0, 927: 215.0, 928: 220.0, 929: 225.0, 930: 185.0, 931: 185.0, 933: 185.0, 934: 185.0, 935: 185.0, 938: 185.0, 943: 185.0, 950: 185.0, 952: 195.0, 953: 200.0, 954: 205.0, 955: 210.0, 956: 215.0, 957: 220.0, 961: 185.0, 964: 195.0, 965: 200.0, 966: 205.0, 967: 210.0, 968: 215.0, 970: 195.0, 971: 200.0, 972: 200.0, 973: 205.0, 975: 220.0, 976: 190.0, 977: 190.0, 1096: 200.0, 1097: 200.0, 1098: 200.0, 1137: 190.0, 1138: 210.0, 1139: 210.0, 1140: 200.0, 1141: 200.0, 1142: 200.0, 1143: 200.0, 1144: 200.0, 1145: 200.0, 1146: 200.0, 1147: 200.0, 1148: 200.0, 1149: 200.0, 1150: 200.0, 1151: 200.0, 1152: 200.0, 1153: 200.0, 1154: 200.0, 1166: 190.0, 1167: 190.0, 1168: 190.0, 1169: 190.0, 1170: 190.0, 1192: 190.0, 1193: 190.0, 1248: 211.0, 1250: 210.0, 1251: 210.0, 1252: 210.0, 1253: 210.0, 1254: 202.0, 1255: 202.4, 1256: 207.75, 1257: 207.75, 1258: 207.75}",Initial Printing Temperature,"{827: 190.0, 828: 190.0, 829: 190.0, 863: 190.0, 864: 190.0, 866: 190.0, 872: 190.0, 873: 190.0, 874: 190.0, 875: 190.0, 876: 190.0, 877: 190.0, 878: 190.0, 879: 190.0, 880: 190.0, 883: 190.0, 886: 190.0, 887: 190.0, 890: 190.0, 892: 190.0, 893: 190.0, 894: 190.0, 895: 190.0, 896: 190.0, 927: 190.0, 928: 190.0, 929: 190.0, 930: 190.0, 931: 190.0, 933: 190.0, 934: 190.0, 935: 190.0, 938: 190.0, 943: 175.0, 950: 190.0, 952: 190.0, 953: 190.0, 954: 190.0, 955: 190.0, 956: 190.0, 957: 190.0, 961: 190.0, 964: 190.0, 965: 190.0, 966: 190.0, 967: 190.0, 968: 190.0, 970: 190.0, 971: 190.0, 972: 190.0, 973: 190.0, 975: 190.0, 976: 185.0, 977: 195.0, 1096: 190.0, 1097: 190.0, 1098: 190.0, 1137: 185.0, 1138: 185.0, 1139: 185.0, 1140: 185.0, 1141: 185.0, 1142: 185.0, 1143: 185.0, 1144: 185.0, 1145: 185.0, 1146: 185.0, 1147: 185.0, 1148: 185.0, 1149: 185.0, 1150: 190.0, 1151: 190.0, 1152: 175.0, 1153: 190.0, 1154: 190.0, 1166: 185.0, 1167: 185.0, 1168: 185.0, 1169: 185.0, 1170: 185.0, 1192: 175.0, 1193: 175.0, 1248: 190.0, 1250: 190.0, 1251: 190.0, 1252: 190.0, 1253: 190.0, 1254: 190.0, 1255: 190.0, 1256: 190.0, 1257: 190.0, 1258: 190.0}",Material,Extruder 1,material_initial_print_temperature,parameter,,material_initial_print_temperature,
12,"{827: 180.0, 828: 180.0, 863: 180.0, 865: 190.0, 866: 195.0, 872: 200.0, 873: 205.0, 874: 210.0, 875: 215.0, 876: 220.0, 877: 225.0, 878: 230.0, 879: 235.0, 880: 240.0, 883: 205.0, 886: 205.0, 887: 180.0, 891: 190.0, 892: 195.0, 893: 195.0, 894: 200.0, 895: 205.0, 896: 210.0, 927: 215.0, 928: 220.0, 929: 225.0, 943: 185.0, 951: 190.0, 952: 195.0, 953: 200.0, 954: 205.0, 955: 210.0, 956: 215.0, 957: 220.0, 962: 190.0, 963: 190.0, 964: 195.0, 965: 200.0, 966: 205.0, 967: 210.0, 968: 215.0, 970: 195.0, 971: 200.0, 972: 200.0, 973: 205.0, 975: 220.0, 1138: 185.0, 1139: 185.0, 1248: 202.0, 1250: 196.0, 1251: 196.0, 1252: 196.0, 1253: 196.0, 1254: 202.0, 1255: 201.6, 1256: 211.0, 1257: 211.0, 1258: 211.0, 1343: 235.0, 1344: 235.0, 1345: 235.0, 1356: 236.89}",Final Printing Temperature,"{827: 185.0, 828: 185.0, 863: 185.0, 865: 185.0, 866: 185.0, 872: 185.0, 873: 185.0, 874: 185.0, 875: 185.0, 876: 185.0, 877: 185.0, 878: 185.0, 879: 185.0, 880: 185.0, 883: 185.0, 886: 185.0, 887: 185.0, 891: 185.0, 892: 185.0, 893: 185.0, 894: 185.0, 895: 185.0, 896: 185.0, 927: 185.0, 928: 185.0, 929: 185.0, 943: 170.0, 951: 185.0, 952: 185.0, 953: 185.0, 954: 185.0, 955: 185.0, 956: 185.0, 957: 185.0, 962: 185.0, 963: 185.0, 964: 185.0, 965: 185.0, 966: 185.0, 967: 185.0, 968: 185.0, 970: 185.0, 971: 185.0, 972: 185.0, 973: 185.0, 975: 185.0, 1138: 180.0, 1139: 180.0, 1248: 185.0, 1250: 185.0, 1251: 185.0, 1252: 185.0, 1253: 185.0, 1254: 185.0, 1255: 185.0, 1256: 185.0, 1257: 185.0, 1258: 185.0, 1343: 230.0, 1344: 230.0, 1345: 230.0, 1356: 230.0}",Material,Extruder 1,material_final_print_temperature,parameter,,material_final_print_temperature,
13,,,,,,overall_ok,qual_influence,"{891: True, 892: True, 893: True, 895: True, 896: True, 899: True, 900: True, 904: True, 907: True, 909: True, 910: True, 911: True, 913: True, 922: True, 924: True, 925: True, 926: True, 927: True, 928: True, 929: True, 930: True, 931: True, 937: True, 940: True, 941: True, 943: True, 944: True, 958: True, 961: True, 962: True, 964: True, 965: True, 966: True, 967: True, 968: True, 976: True, 977: True, 978: True, 979: True, 980: True, 981: True, 982: True, 999: True, 1000: True, 1004: True, 1007: True, 1008: True, 1009: True, 1010: True, 1012: True, 1013: True, 1014: True, 1015: True, 1020: True, 1021: True, 1022: True, 1023: True, 1024: True, 1025: True, 1026: True, 1027: True, 1028: True, 1029: True, 1048: True, 1049: True, 1050: True, 1053: True, 1056: True, 1057: True, 1060: True, 1062: True, 1063: True, 1064: True, 1065: True, 1066: True, 1067: True, 1068: True, 1069: True, 1070: True, 1073: True, 1074: True, 1075: True, 1086: True, 1087: True, 1088: True, 1090: True, 1097: True, 1121: True, 1147: True, 1149: True, 1150: True, 1152: True, 1155: True, 1157: True, 1158: True, 1159: True, 1160: True, 1168: True, 1195: True, 1196: True, 1197: True, 1200: True, 1228: True, 1244: True, 1250: True, 1256: True, 1257: True, 1258: True, 1259: True, 1273: True, 1275: True, 1311: True, 1312: True, 1316: True, 1319: True, 1325: True, 1327: True, 1328: True, 1329: True, 1330: True, 1332: True, 1333: True, 1334: True, 1335: True, 1336: True, 1338: True, 1339: True, 1340: True, 1343: True, 1344: True, 1345: True, 1347: True, 1349: True, 1352: True, 1353: True, 1354: True, 1356: True, 1357: True}",overall_ok,890
14,,,,,,stringing,qual_influence,"{892: 1, 893: 1, 895: 1, 896: 2, 899: 1, 900: 2, 903: 3, 904: 2, 905: 3, 906: 3, 907: 1, 909: 2, 910: 1, 911: 2, 913: 2, 920: 1, 922: 1, 924: 2, 925: 2, 926: 1, 927: 2, 928: 3, 929: 3, 931: 3, 937: 2, 940: 1, 941: 1, 944: 1, 945: 2, 949: 1, 962: 1, 964: 1, 965: 1, 966: 2, 967: 2, 968: 3, 976: 1, 979: 1, 982: 1, 999: 1, 1000: 1, 1004: 1, 1007: 1, 1008: 1, 1010: 1, 1012: 1, 1013: 1, 1014: 1, 1025: 1, 1026: 1, 1027: 1, 1029: 1, 1050: 1, 1055: 1, 1056: 1, 1057: 1, 1058: 1, 1062: 1, 1063: 1, 1064: 1, 1065: 1, 1066: 1, 1067: 1, 1068: 1, 1069: 1, 1070: 1, 1071: 1, 1072: 1, 1073: 1, 1074: 1, 1075: 1, 1087: 1, 1090: 1, 1094: 1, 1097: 1, 1121: 1, 1147: 1, 1150: 1, 1155: 2, 1157: 4, 1158: 4, 1159: 4, 1160: 4, 1168: 1, 1195: 2, 1196: 2, 1197: 1, 1200: 1, 1218: 2, 1226: 2, 1228: 1, 1230: 1, 1244: 4, 1247: 3, 1249: 3, 1250: 2, 1256: 2, 1257: 2, 1258: 2, 1259: 2, 1311: 1, 1312: 1, 1316: 1, 1323: 2, 1324: 2, 1325: 1, 1327: 2, 1332: 2, 1333: 2, 1334: 1, 1335: 1, 1338: 2, 1339: 2, 1340: 2, 1345: 1, 1347: 2, 1349: 1, 1352: 1, 1353: 1, 1354: 1, 1356: 1, 1357: 1, 1365: 1}",stringing,891
15,,,,,,line_misalignment,qual_influence,"{899: 4, 900: 4, 922: 1, 925: 1, 926: 1, 944: 1, 948: 2, 1051: 2, 1052: 2, 1200: 1, 1217: 1, 1218: 1, 1226: 3, 1228: 2, 1322: 2, 1335: 2, 1344: 1, 1353: 1, 1354: 1, 1378: 1}",line_misalignment,898
16,,,,,,gaps,qual_influence,"{899: 1, 949: 1, 1217: 1, 1218: 1, 1273: 1, 1319: 2, 1338: 1, 1365: 3}",gaps,898
17,,,,,,layer_separation,qual_influence,"{899: 4, 900: 5, 946: 1, 1017: 2, 1051: 3, 1052: 3}",layer_separation,898
18,,,,,,over_extrusion,qual_influence,"{899: 2, 900: 1, 920: 3, 922: 1, 937: 1, 940: 1, 941: 1}",over_extrusion,898
19,"{903: 7.0, 904: 10.0, 905: 7.0, 906: 7.0, 907: 7.0, 909: 7.0, 910: 7.0, 911: 7.0, 913: 6.0, 922: 4.0, 924: 6.0, 931: 1.5, 933: 3.0, 934: 5.0, 935: 3.0, 1012: 2.0, 1013: 2.0, 1014: 2.0, 1015: 2.0, 1016: 2.0, 1017: 2.0, 1018: 2.0, 1019: 2.0, 1020: 2.0, 1021: 2.0, 1022: 2.0, 1023: 2.0, 1024: 2.0, 1025: 2.0, 1026: 2.0, 1027: 2.0, 1028: 2.0, 1029: 2.0, 1030: 2.0, 1031: 2.0, 1064: 2.0, 1065: 2.0, 1066: 2.2, 1067: 1.8, 1068: 2.0, 1069: 2.5, 1070: 2.0, 1087: 2.0, 1096: 0.2, 1097: 0.2, 1098: 1.0, 1155: 2.0, 1156: 2.0, 1157: 2.0, 1158: 2.0, 1159: 2.0, 1160: 2.0, 1195: 6.0, 1196: 4.0, 1197: 3.0, 1200: 4.0, 1248: 1.7, 1250: 1.96, 1251: 1.96, 1252: 1.96, 1253: 1.96, 1256: 2.02, 1257: 2.02, 1258: 3.24, 1278: 9.0, 1279: 7.3, 1280: 0.5, 1282: 1.8, 1283: 3.4, 1284: 3.9, 1285: 2.5, 1286: 8.3, 1287: 9.6, 1288: 1.7, 1289: 9.4, 1290: 1.1, 1291: 4.9, 1292: 6.0, 1293: 0.4, 1294: 3.9, 1295: 0.0, 1296: 6.4, 1298: 5.4, 1299: 4.6, 1300: 11.5, 1301: 1.6, 1302: 0.0, 1303: 1.6, 1304: 9.6, 1305: 10.2, 1306: 7.6, 1329: 6.0, 1330: 6.0, 1339: 5.4, 1340: 5.8}",Retraction Distance,"{903: 5.0, 904: 5.0, 905: 5.0, 906: 5.0, 907: 5.0, 909: 5.0, 910: 5.0, 911: 5.0, 913: 5.0, 922: 5.0, 924: 5.0, 931: 0.8, 933: 0.8, 934: 0.8, 935: 0.8, 1012: 0.8, 1013: 0.8, 1014: 0.8, 1015: 0.8, 1016: 0.8, 1017: 0.8, 1018: 0.8, 1019: 0.8, 1020: 0.8, 1021: 0.8, 1022: 0.8, 1023: 0.8, 1024: 0.8, 1025: 0.8, 1026: 0.8, 1027: 0.8, 1028: 0.8, 1029: 0.8, 1030: 0.8, 1031: 0.8, 1064: 0.8, 1065: 0.8, 1066: 0.8, 1067: 0.8, 1068: 0.8, 1069: 0.8, 1070: 0.8, 1087: 0.8, 1096: 0.8, 1097: 0.8, 1098: 0.8, 1155: 0.8, 1156: 0.8, 1157: 0.8, 1158: 0.8, 1159: 0.8, 1160: 0.8, 1195: 5.0, 1196: 5.0, 1197: 5.0, 1200: 5.0, 1248: 0.8, 1250: 0.8, 1251: 0.8, 1252: 0.8, 1253: 0.8, 1256: 0.8, 1257: 0.8, 1258: 0.8, 1278: 0.8, 1279: 9.0, 1280: 7.3, 1282: 0.5, 1283: 0.5, 1284: 3.4, 1285: 3.9, 1286: 2.5, 1287: 8.3, 1288: 9.6, 1289: 1.7, 1290: 9.4, 1291: 1.1, 1292: 4.9, 1293: 6.0, 1294: 0.4, 1295: 3.9, 1296: 0.0, 1298: 0.5, 1299: 5.4, 1300: 4.6, 1301: 11.5, 1302: 1.6, 1303: 0.0, 1304: 1.6, 1305: 9.6, 1306: 10.2, 1329: 5.0, 1330: 5.0, 1339: 5.0, 1340: 5.0}",Travel,Extruder 1,retraction_amount,parameter,,retraction_amount,
20,,,,,,poor_bridging,qual_influence,"{903: 2, 904: 2, 905: 2, 906: 2, 907: 3, 909: 2, 910: 2, 911: 2, 913: 1, 931: 1, 981: 1, 1009: 1, 1029: 1, 1073: 3, 1074: 3, 1075: 2, 1090: 1, 1147: 2, 1149: 4, 1150: 5, 1152: 4, 1247: 2, 1249: 2, 1250: 2, 1256: 2, 1257: 2, 1258: 1, 1311: 1, 1312: 2, 1319: 3, 1325: 1, 1327: 1, 1328: 1, 1330: 1, 1332: 3, 1333: 3, 1334: 1, 1335: 2, 1336: 1, 1338: 2, 1339: 1, 1340: 1, 1347: 1, 1365: 2}",poor_bridging,902
21,"{906: 7.0, 907: 7.0, 909: 7.0, 910: 7.0, 911: 7.0, 913: 5.0, 1250: 4.96, 1251: 4.96, 1252: 4.96, 1253: 4.96, 1256: 0.0, 1257: 0.0, 1258: 0.0, 1278: 5.7, 1279: 11.4, 1280: 10.5, 1282: 5.4, 1283: 0.6, 1284: 0.4, 1285: 7.4, 1286: 0.4, 1287: 0.0, 1288: 10.2, 1289: 10.4, 1290: 9.9, 1291: 11.9, 1292: 1.8, 1293: 9.8, 1294: 3.8, 1295: 1.9, 1296: 10.8, 1298: 9.2, 1299: 0.6, 1300: 3.2, 1301: 2.0, 1302: 2.8, 1303: 10.4, 1304: 9.1, 1305: 0.0, 1306: 2.5, 1356: 9.06, 1357: 9.06}",Minimum Extrusion Distance Window,"{906: 10.0, 907: 10.0, 909: 10.0, 910: 10.0, 911: 10.0, 913: 10.0, 1250: 0.8, 1251: 0.8, 1252: 0.8, 1253: 0.8, 1256: 0.8, 1257: 0.8, 1258: 0.8, 1278: 0.8, 1279: 5.7, 1280: 11.4, 1282: 10.5, 1283: 10.5, 1284: 0.6, 1285: 0.4, 1286: 7.4, 1287: 0.4, 1288: 0.0, 1289: 10.2, 1290: 10.4, 1291: 9.9, 1292: 11.9, 1293: 1.8, 1294: 9.8, 1295: 3.8, 1296: 1.9, 1298: 2.1, 1299: 9.2, 1300: 0.6, 1301: 3.2, 1302: 2.0, 1303: 2.8, 1304: 10.4, 1305: 9.1, 1306: 0.0, 1356: 10.0, 1357: 10.0}",Travel,Extruder 1,retraction_extrusion_window,parameter,,retraction_extrusion_window,
22,"{906: 150.0, 907: 150.0, 909: 150.0, 910: 150.0, 911: 150.0, 913: 200.0, 1013: 150.0, 1014: 150.0, 1015: 150.0, 1016: 150.0, 1017: 150.0, 1018: 150.0, 1019: 150.0, 1020: 150.0, 1021: 150.0, 1022: 150.0, 1023: 150.0, 1024: 150.0, 1025: 150.0, 1026: 150.0, 1027: 150.0, 1028: 150.0, 1029: 150.0, 1030: 150.0, 1031: 150.0, 1063: 500.0, 1064: 500.0, 1065: 500.0, 1066: 500.0, 1067: 500.0, 1068: 500.0, 1069: 500.0, 1070: 500.0, 1087: 500.0, 1096: 500.0, 1097: 500.0, 1098: 1000.0, 1155: 1500.0, 1156: 1500.0, 1157: 1500.0, 1158: 1500.0, 1159: 1500.0, 1160: 1500.0, 1248: 883.0, 1250: 483.0, 1251: 483.0, 1252: 483.0, 1253: 483.0, 1256: 403.0, 1257: 403.0, 1258: 716.0}",Maximum Retraction Count,"{906: 100.0, 907: 100.0, 909: 100.0, 910: 100.0, 911: 100.0, 913: 100.0, 1013: 90.0, 1014: 90.0, 1015: 90.0, 1016: 90.0, 1017: 90.0, 1018: 90.0, 1019: 90.0, 1020: 90.0, 1021: 90.0, 1022: 90.0, 1023: 90.0, 1024: 90.0, 1025: 90.0, 1026: 90.0, 1027: 90.0, 1028: 90.0, 1029: 90.0, 1030: 90.0, 1031: 90.0, 1063: 90.0, 1064: 90.0, 1065: 90.0, 1066: 90.0, 1067: 90.0, 1068: 90.0, 1069: 90.0, 1070: 90.0, 1087: 90.0, 1096: 90.0, 1097: 90.0, 1098: 90.0, 1155: 90.0, 1156: 90.0, 1157: 90.0, 1158: 90.0, 1159: 90.0, 1160: 90.0, 1248: 90.0, 1250: 90.0, 1251: 90.0, 1252: 90.0, 1253: 90.0, 1256: 90.0, 1257: 90.0, 1258: 90.0}",Travel,Extruder 1,retraction_count_max,parameter,,retraction_count_max,
23,"{917: 1.0, 944: 1.0, 945: 1.0, 946: 1.0, 947: 1.0, 948: 1.0, 949: 1.0, 1224: 0.0, 1228: 0.0, 1229: 1.0, 1230: 1.0, 1231: 1.0, 1248: 1.0, 1253: 0.0, 1254: 1.0, 1255: 1.0, 1257: 0.0, 1258: 0.0, 1261: 2.0, 1265: 0.0, 1266: 0.0, 1272: 0.0, 1273: 0.0, 1274: 0.0, 1275: 0.0, 1309: 0.0, 1322: 2.0, 1323: 0.0, 1324: 0.0, 1325: 0.0, 1329: 0.0, 1330: 0.0, 1334: 0.0, 1335: 0.0, 1336: 0.0, 1338: 0.0, 1339: 0.0, 1340: 0.0, 1344: 0.0, 1345: 0.0, 1348: 0.0, 1349: 0.0, 1354: 0.0, 1355: 0.0, 1356: 0.0, 1357: 0.0, 1365: 0.0, 1376: 0.0, 1378: 0.0}",Build Plate Adhesion Type,"{917: 0.0, 944: 0.0, 945: 0.0, 946: 0.0, 947: 0.0, 948: 0.0, 949: 0.0, 1224: 3.0, 1228: 3.0, 1229: 3.0, 1230: 3.0, 1231: 3.0, 1248: 3.0, 1253: 3.0, 1254: 3.0, 1255: 3.0, 1257: 3.0, 1258: 3.0, 1261: 3.0, 1265: 3.0, 1266: 3.0, 1272: 3.0, 1273: 3.0, 1274: 3.0, 1275: 3.0, 1309: 3.0, 1322: 3.0, 1323: 3.0, 1324: 3.0, 1325: 3.0, 1329: 3.0, 1330: 3.0, 1334: 3.0, 1335: 3.0, 1336: 3.0, 1338: 3.0, 1339: 3.0, 1340: 3.0, 1344: 3.0, 1345: 3.0, 1348: 3.0, 1349: 3.0, 1354: 3.0, 1355: 3.0, 1356: 3.0, 1357: 3.0, 1365: 3.0, 1376: 3.0, 1378: 3.0}",Build Plate Adhesion,,adhesion_type,parameter,,adhesion_type,
24,,,,,,layer_misalignment,qual_influence,"{920: 2, 937: 1, 940: 2, 1017: 2, 1051: 3, 1052: 3}",layer_misalignment,919
25,,,,,,burning,qual_influence,"{920: 1, 945: 1, 948: 1, 1051: 1, 1052: 1, 1073: 1, 1075: 1, 1230: 2, 1309: 1}",burning,919
26,"{921: 1.0, 940: 1.0, 983: 1.0, 984: 1.0, 985: 1.0, 986: 1.0, 993: 1.0, 994: 1.0, 995: 1.0, 996: 1.0, 1000: 1.0, 1002: 1.0, 1003: 1.0, 1005: 1.0, 1006: 1.0, 1007: 1.0, 1008: 1.0, 1009: 1.0, 1010: 1.0, 1011: 1.0, 1012: 1.0, 1013: 1.0, 1014: 1.0, 1015: 1.0, 1016: 1.0, 1017: 1.0, 1019: 1.0, 1020: 1.0, 1021: 1.0, 1022: 1.0, 1023: 1.0, 1024: 1.0, 1025: 1.0, 1026: 1.0, 1027: 1.0, 1028: 1.0, 1029: 1.0, 1030: 1.0, 1031: 1.0, 1045: 1.0, 1094: 1.0, 1095: 1.0, 1096: 1.0, 1097: 1.0, 1098: 1.0, 1166: 1.0, 1167: 1.0, 1168: 1.0, 1169: 1.0, 1170: 1.0, 1248: 1.0, 1250: 1.0, 1251: 1.0, 1252: 1.0, 1253: 1.0, 1254: 1.0, 1255: 1.0, 1256: 1.0, 1257: 1.0, 1258: 1.0}",Tree Support,"{921: 0.0, 940: 0.0, 983: 0.0, 984: 0.0, 985: 0.0, 986: 0.0, 993: 0.0, 994: 0.0, 995: 0.0, 996: 0.0, 1000: 0.0, 1002: 0.0, 1003: 0.0, 1005: 0.0, 1006: 0.0, 1007: 0.0, 1008: 0.0, 1009: 0.0, 1010: 0.0, 1011: 0.0, 1012: 0.0, 1013: 0.0, 1014: 0.0, 1015: 0.0, 1016: 0.0, 1017: 0.0, 1019: 0.0, 1020: 0.0, 1021: 0.0, 1022: 0.0, 1023: 0.0, 1024: 0.0, 1025: 0.0, 1026: 0.0, 1027: 0.0, 1028: 0.0, 1029: 0.0, 1030: 0.0, 1031: 0.0, 1045: 0.0, 1094: 0.0, 1095: 0.0, 1096: 0.0, 1097: 0.0, 1098: 0.0, 1166: 0.0, 1167: 0.0, 1168: 0.0, 1169: 0.0, 1170: 0.0, 1248: 0.0, 1250: 0.0, 1251: 0.0, 1252: 0.0, 1253: 0.0, 1254: 0.0, 1255: 0.0, 1256: 0.0, 1257: 0.0, 1258: 0.0}",Experimental,,support_tree_enable,parameter,,support_tree_enable,
27,"{922: 46.0, 924: 44.0, 925: 50.0, 949: 15.0, 1064: 50.0, 1065: 50.0, 1066: 40.0, 1067: 40.0, 1068: 50.0, 1069: 50.0, 1070: 50.0, 1087: 50.0, 1255: 30.0, 1256: 44.25, 1257: 44.25, 1258: 53.5, 1278: 34.4, 1279: 36.3, 1280: 39.3, 1282: 35.2, 1283: 44.5, 1284: 35.0, 1285: 45.5, 1286: 37.1, 1287: 33.9, 1288: 36.5, 1289: 43.5, 1290: 45.1, 1291: 50.5, 1292: 43.0, 1294: 37.5, 1295: 40.4, 1296: 33.9, 1298: 35.2, 1299: 44.5, 1300: 41.4, 1301: 40.9, 1302: 38.7, 1303: 37.3, 1304: 34.8, 1305: 46.9, 1306: 39.8, 1323: 50.0, 1324: 50.0, 1325: 50.0, 1329: 50.0, 1330: 50.0, 1340: 50.0, 1343: 46.0, 1344: 46.0, 1345: 46.0, 1347: 46.0, 1348: 46.0, 1349: 47.0, 1352: 50.65, 1353: 50.65, 1354: 50.65, 1355: 50.65, 1356: 50.65}",Retraction Speed,"{922: 45.0, 924: 45.0, 925: 45.0, 949: 20.0, 1064: 35.0, 1065: 35.0, 1066: 35.0, 1067: 35.0, 1068: 35.0, 1069: 35.0, 1070: 35.0, 1087: 35.0, 1255: 35.0, 1256: 35.0, 1257: 35.0, 1258: 35.0, 1278: 35.0, 1279: 34.4, 1280: 36.3, 1282: 39.3, 1283: 39.3, 1284: 44.5, 1285: 35.0, 1286: 45.5, 1287: 37.1, 1288: 33.9, 1289: 36.5, 1290: 43.5, 1291: 45.1, 1292: 50.5, 1294: 43.0, 1295: 37.5, 1296: 40.4, 1298: 38.6, 1299: 35.2, 1300: 44.5, 1301: 41.4, 1302: 40.9, 1303: 38.7, 1304: 37.3, 1305: 34.8, 1306: 46.9, 1323: 45.0, 1324: 45.0, 1325: 45.0, 1329: 45.0, 1330: 45.0, 1340: 45.0, 1343: 45.0, 1344: 45.0, 1345: 45.0, 1347: 45.0, 1348: 45.0, 1349: 45.0, 1352: 45.0, 1353: 45.0, 1354: 45.0, 1355: 45.0, 1356: 45.0}",Travel,Extruder 1,retraction_speed,parameter,,retraction_speed,
28,,,,,,blobs,qual_influence,"{922: 3, 940: 1, 944: 1, 981: 1, 1008: 1, 1048: 1, 1051: 1, 1052: 1, 1097: 1, 1226: 1, 1250: 1, 1256: 1, 1257: 1, 1273: 1, 1275: 1, 1311: 2, 1312: 1, 1315: 1, 1319: 2, 1322: 1, 1323: 1, 1324: 1, 1325: 1, 1327: 1, 1328: 1, 1329: 1, 1330: 1, 1332: 1, 1333: 1, 1334: 1, 1335: 1, 1336: 1, 1343: 1, 1344: 1, 1347: 1, 1349: 1, 1352: 1, 1353: 1, 1354: 1, 1356: 1, 1357: 1}",blobs,921
29,,,,,,under_extrusion,qual_influence,"{924: 1, 946: 1, 949: 1, 1259: 1, 1328: 1, 1329: 1, 1330: 1, 1336: 1, 1365: 2}",under_extrusion,923
30,"{933: 3.0, 934: 5.0, 935: 3.0, 1012: 0.5, 1013: 0.5, 1014: 0.5, 1015: 0.5, 1016: 0.5, 1017: 0.5, 1018: 0.5, 1019: 0.5, 1020: 0.5, 1021: 0.5, 1022: 0.5, 1023: 0.5, 1024: 0.5, 1025: 0.5, 1026: 0.5, 1027: 0.5, 1028: 0.5, 1029: 0.5, 1030: 0.5, 1031: 0.5, 1066: 0.5, 1067: 0.5, 1068: 0.5, 1069: 0.5, 1070: 1.0, 1087: 0.5, 1096: 1.0, 1097: 1.0, 1098: 1.0, 1155: 0.5, 1156: 0.5, 1157: 0.5, 1158: 0.5, 1159: 0.5, 1160: 0.5, 1248: 0.0, 1250: 0.0, 1251: 0.0, 1252: 0.0, 1253: 0.0, 1256: 0.0, 1257: 0.0, 1258: 0.0, 1355: 0.89, 1356: 0.28}",Retraction Minimum Travel,"{933: 1.5, 934: 1.5, 935: 1.5, 1012: 1.5, 1013: 1.5, 1014: 1.5, 1015: 1.5, 1016: 1.5, 1017: 1.5, 1018: 1.5, 1019: 1.5, 1020: 1.5, 1021: 1.5, 1022: 1.5, 1023: 1.5, 1024: 1.5, 1025: 1.5, 1026: 1.5, 1027: 1.5, 1028: 1.5, 1029: 1.5, 1030: 1.5, 1031: 1.5, 1066: 1.5, 1067: 1.5, 1068: 1.5, 1069: 1.5, 1070: 1.5, 1087: 1.5, 1096: 1.5, 1097: 1.5, 1098: 1.5, 1155: 1.5, 1156: 1.5, 1157: 1.5, 1158: 1.5, 1159: 1.5, 1160: 1.5, 1248: 0.8, 1250: 0.8, 1251: 0.8, 1252: 0.8, 1253: 0.8, 1256: 0.8, 1257: 0.8, 1258: 0.8, 1355: 1.5, 1356: 1.5}",Travel,Extruder 1,retraction_min_travel,parameter,,retraction_min_travel,
31,"{935: 20.0, 1096: 20.0, 1097: 20.0, 1098: 20.0, 1248: 15.0, 1278: 28.1, 1279: 29.4, 1280: 32.2, 1282: 29.0, 1283: 24.5, 1285: 24.9, 1286: 34.3, 1287: 32.1, 1288: 29.3, 1289: 32.1, 1290: 34.4, 1291: 33.2, 1292: 34.3, 1293: 33.9, 1294: 24.7, 1295: 31.8, 1296: 29.3, 1298: 27.7, 1299: 31.6, 1300: 33.0, 1301: 34.7, 1302: 26.4, 1303: 33.6, 1304: 30.6, 1305: 22.9, 1306: 24.1}",Top/Bottom Speed,"{935: 35.0, 1096: 35.0, 1097: 35.0, 1098: 35.0, 1248: 30.0, 1278: 30.0, 1279: 28.1, 1280: 29.4, 1282: 32.2, 1283: 32.2, 1285: 24.5, 1286: 24.9, 1287: 34.3, 1288: 32.1, 1289: 29.3, 1290: 32.1, 1291: 34.4, 1292: 33.2, 1293: 34.3, 1294: 33.9, 1295: 24.7, 1296: 31.8, 1298: 23.6, 1299: 27.7, 1300: 31.6, 1301: 33.0, 1302: 34.7, 1303: 26.4, 1304: 33.6, 1305: 30.6, 1306: 22.9}",Speed,Extruder 1,speed_topbottom,parameter,,speed_topbottom,
32,"{935: 60.0, 949: 80.0, 1068: 250.0, 1069: 300.0, 1255: 80.0, 1256: 215.0, 1257: 215.0, 1258: 310.0, 1278: 119.4, 1279: 114.7, 1280: 120.8, 1282: 116.4, 1283: 114.7, 1284: 122.5, 1285: 123.6, 1286: 122.1, 1287: 123.4, 1288: 125.3, 1289: 119.0, 1290: 122.7, 1291: 125.6, 1292: 115.6, 1293: 121.7, 1294: 122.4, 1295: 115.2, 1296: 117.8, 1298: 122.0, 1299: 115.8, 1300: 118.4, 1301: 117.4, 1302: 119.2, 1303: 124.6, 1304: 116.0, 1305: 122.0, 1306: 113.9}",Travel Speed,"{935: 180.0, 949: 120.0, 1068: 180.0, 1069: 180.0, 1255: 120.0, 1256: 120.0, 1257: 120.0, 1258: 120.0, 1278: 120.0, 1279: 119.4, 1280: 114.7, 1282: 120.8, 1283: 120.8, 1284: 114.7, 1285: 122.5, 1286: 123.6, 1287: 122.1, 1288: 123.4, 1289: 125.3, 1290: 119.0, 1291: 122.7, 1292: 125.6, 1293: 115.6, 1294: 121.7, 1295: 122.4, 1296: 115.2, 1298: 116.1, 1299: 122.0, 1300: 115.8, 1301: 118.4, 1302: 117.4, 1303: 119.2, 1304: 124.6, 1305: 116.0, 1306: 122.0}",Speed,Extruder 1,speed_travel,parameter,,speed_travel,
33,"{937: 0.0, 940: 0.0, 941: 0.0, 1050: 0.0, 1052: 0.0, 1147: 0.0, 1148: 0.0, 1149: 0.0, 1150: 0.0, 1151: 0.0, 1152: 0.0}",Enable Print Cooling,"{937: 1.0, 940: 1.0, 941: 1.0, 1050: 1.0, 1052: 1.0, 1147: 1.0, 1148: 1.0, 1149: 1.0, 1150: 1.0, 1151: 1.0, 1152: 1.0}",Cooling,Extruder 1,cool_fan_enabled,parameter,,cool_fan_enabled,
34,,,,,,warping,qual_influence,"{937: 3, 949: 1, 1006: 1, 1048: 1, 1050: 1, 1051: 1, 1052: 1, 1053: 1, 1054: 3, 1055: 3, 1056: 1, 1057: 1, 1058: 3, 1071: 2, 1072: 2, 1097: 1, 1150: 2, 1152: 3, 1200: 3, 1217: 4, 1222: 1, 1223: 1, 1224: 1, 1226: 1, 1228: 1, 1230: 2, 1309: 4, 1311: 2, 1312: 3, 1313: 4, 1315: 4, 1316: 2, 1319: 2, 1322: 4, 1327: 3, 1328: 1, 1329: 1, 1332: 2, 1333: 1, 1334: 1, 1338: 2, 1343: 2, 1344: 2, 1345: 1, 1347: 2, 1348: 2, 1349: 1, 1352: 2, 1353: 1, 1354: 1, 1365: 4, 1376: 1, 1378: 4}",warping,932
35,"{940: 80.0, 983: 45.0, 984: 45.0, 985: 45.0, 986: 45.0, 987: 45.0, 988: 45.0, 989: 45.0, 990: 45.0, 991: 45.0, 992: 45.0, 1045: 70.0, 1255: 45.0}",Tree Support Branch Angle,"{940: 40.0, 983: 40.0, 984: 40.0, 985: 40.0, 986: 40.0, 987: 40.0, 988: 40.0, 989: 40.0, 990: 40.0, 991: 40.0, 992: 40.0, 1045: 40.0, 1255: 40.0}",Experimental,Extruder 1,support_tree_angle,parameter,,support_tree_angle,
36,"{943: 195.0, 950: 195.0, 951: 195.0, 952: 195.0, 972: 210.0, 973: 210.0, 975: 210.0, 976: 210.0, 977: 210.0, 982: 210.0, 983: 210.0, 1077: 185.0, 1078: 185.0, 1097: 210.0, 1098: 210.0, 1156: 210.0, 1157: 210.0, 1158: 210.0, 1159: 210.0, 1160: 210.0, 1161: 210.0, 1162: 210.0, 1163: 210.0, 1164: 210.0, 1165: 210.0, 1166: 210.0, 1167: 210.0, 1168: 210.0, 1169: 220.0, 1170: 220.0, 1192: 220.0, 1193: 220.0, 1248: 212.0, 1252: 210.0, 1253: 210.0, 1254: 218.0, 1255: 211.2, 1256: 214.0, 1257: 214.0, 1258: 224.0, 1259: 210.0, 1278: 190.0, 1279: 201.0, 1280: 197.0, 1282: 201.0, 1283: 201.0, 1284: 197.0, 1285: 201.0, 1286: 192.0, 1287: 202.0, 1288: 191.0, 1289: 196.0, 1290: 197.0, 1291: 196.0, 1292: 198.0, 1293: 196.0, 1294: 193.0, 1295: 188.0, 1296: 189.0, 1298: 189.0, 1299: 191.0, 1300: 188.7, 1301: 197.0, 1302: 198.0, 1303: 188.0, 1304: 197.0, 1305: 192.0, 1306: 198.0, 1345: 243.87}",Printing Temperature Initial Layer,"{943: 185.0, 950: 200.0, 951: 200.0, 952: 200.0, 972: 200.0, 973: 200.0, 975: 200.0, 976: 195.0, 977: 205.0, 982: 195.0, 983: 195.0, 1077: 200.0, 1078: 200.0, 1097: 200.0, 1098: 200.0, 1156: 200.0, 1157: 200.0, 1158: 200.0, 1159: 200.0, 1160: 200.0, 1161: 200.0, 1162: 200.0, 1163: 200.0, 1164: 200.0, 1165: 200.0, 1166: 195.0, 1167: 195.0, 1168: 195.0, 1169: 195.0, 1170: 195.0, 1192: 185.0, 1193: 185.0, 1248: 200.0, 1252: 200.0, 1253: 200.0, 1254: 200.0, 1255: 200.0, 1256: 200.0, 1257: 200.0, 1258: 200.0, 1259: 200.0, 1278: 200.0, 1279: 190.0, 1280: 201.0, 1282: 197.0, 1283: 197.0, 1284: 201.0, 1285: 197.0, 1286: 201.0, 1287: 192.0, 1288: 202.0, 1289: 191.0, 1290: 196.0, 1291: 197.0, 1292: 196.0, 1293: 198.0, 1294: 196.0, 1295: 193.0, 1296: 188.0, 1298: 188.0, 1299: 189.0, 1300: 191.0, 1301: 188.7, 1302: 197.0, 1303: 198.0, 1304: 188.0, 1305: 197.0, 1306: 192.0, 1345: 230.0}",Material,Extruder 1,material_print_temperature_layer_0,parameter,,material_print_temperature_layer_0,
37,"{945: 20.0, 946: 25.0, 947: 20.0, 948: 20.0, 949: 20.0, 1003: 20.0, 1055: 10.0, 1056: 10.0, 1057: 10.0, 1058: 10.0, 1097: 10.0, 1098: 10.0, 1119: 10.0, 1121: 10.0, 1123: 10.0, 1124: 10.0, 1125: 10.0, 1126: 10.0, 1131: 10.0, 1142: 10.0, 1143: 10.0, 1144: 10.0, 1145: 10.0, 1154: 15.0, 1155: 15.0, 1156: 15.0, 1157: 15.0, 1158: 15.0, 1159: 15.0, 1160: 15.0, 1161: 15.0, 1162: 15.0, 1163: 15.0, 1164: 15.0, 1165: 15.0, 1243: 15.0, 1244: 15.0, 1248: 16.0, 1249: 15.0, 1254: 17.5, 1255: 19.0, 1259: 15.0, 1278: 29.4, 1279: 23.5, 1343: 10.0, 1344: 5.0, 1345: 5.0}",Initial Layer Speed,"{945: 30.0, 946: 30.0, 947: 30.0, 948: 30.0, 949: 30.0, 1003: 25.0, 1055: 25.0, 1056: 25.0, 1057: 25.0, 1058: 25.0, 1097: 25.0, 1098: 25.0, 1119: 25.0, 1121: 25.0, 1123: 25.0, 1124: 25.0, 1125: 25.0, 1126: 25.0, 1131: 25.0, 1142: 25.0, 1143: 25.0, 1144: 25.0, 1145: 25.0, 1154: 25.0, 1155: 25.0, 1156: 25.0, 1157: 25.0, 1158: 25.0, 1159: 25.0, 1160: 25.0, 1161: 25.0, 1162: 25.0, 1163: 25.0, 1164: 25.0, 1165: 25.0, 1243: 25.0, 1244: 25.0, 1248: 30.0, 1249: 30.0, 1254: 30.0, 1255: 30.0, 1259: 30.0, 1278: 30.0, 1279: 29.4, 1343: 15.0, 1344: 15.0, 1345: 15.0}",Speed,Extruder 1,speed_layer_0,parameter,,speed_layer_0,
38,,,,,,not_labelable,qual_influence,"{945: True, 947: True, 963: True, 970: True, 971: True, 972: True, 973: True, 975: True, 985: True, 986: True, 993: True, 994: True, 995: True, 1001: True, 1002: True, 1003: True, 1006: True, 1251: True, 1252: True, 1253: True}",not_labelable,944
39,,,,,,lost_adhesion,qual_influence,"{945: True, 946: True, 947: True, 948: True, 949: True, 963: True, 970: True, 971: True, 972: True, 973: True, 975: True, 985: True, 986: True, 993: True, 994: True, 995: True, 996: True, 997: True, 998: True, 1001: True, 1002: True, 1003: True, 1006: True, 1018: True, 1054: True, 1055: True, 1058: True, 1095: True, 1096: True, 1098: True, 1119: True, 1151: True, 1156: True, 1167: True, 1169: True, 1170: True, 1217: True, 1218: True, 1222: True, 1223: True, 1224: True, 1230: True, 1243: True, 1248: True, 1251: True, 1252: True, 1253: True, 1254: True, 1255: True, 1309: True, 1313: True, 1315: True, 1322: True, 1348: True, 1376: True, 1378: True}",lost_adhesion,944
40,"{983: 4.0, 984: 4.0, 985: 4.0, 986: 20.0, 987: 20.0, 988: 20.0, 989: 20.0, 990: 20.0, 991: 20.0, 992: 20.0, 1255: 12.0}",Tree Support Branch Diameter Angle,"{983: 5.0, 984: 5.0, 985: 5.0, 986: 5.0, 987: 5.0, 988: 5.0, 989: 5.0, 990: 5.0, 991: 5.0, 992: 5.0, 1255: 5.0}",Experimental,Extruder 1,support_tree_branch_diameter_angle,parameter,,support_tree_branch_diameter_angle,
41,"{985: 0.1, 986: 0.01, 987: 0.01, 988: 0.01, 989: 0.01, 990: 0.01, 991: 0.01, 992: 0.01, 1255: 0.08}",Tree Support Collision Resolution,"{985: 0.175, 986: 0.175, 987: 0.175, 988: 0.175, 989: 0.175, 990: 0.175, 991: 0.175, 992: 0.175, 1255: 0.2}",Experimental,Extruder 1,support_tree_collision_resolution,parameter,,support_tree_collision_resolution,
42,"{991: 5.0, 992: 5.0, 993: 5.0, 994: 5.0, 995: 5.0, 996: 5.0, 997: 5.0, 998: 5.0, 999: 5.0, 1030: 5.0, 1031: 5.0, 1034: 5.0, 1035: 5.0, 1036: 5.0, 1037: 5.0, 1038: 5.0, 1039: 5.0, 1040: 5.0, 1041: 5.0, 1056: 100.0, 1057: 100.0, 1058: 100.0, 1248: 90.0, 1254: 90.0, 1255: 18.75, 1264: 90.0, 1265: 50.0, 1266: 50.0, 1353: 60.0, 1354: 60.0, 1355: 60.0, 1356: 60.0, 1357: 60.0, 1375: 100.0, 1376: 100.0, 1378: 100.0}",Infill Density,"{991: 20.0, 992: 20.0, 993: 20.0, 994: 20.0, 995: 20.0, 996: 20.0, 997: 20.0, 998: 20.0, 999: 20.0, 1030: 20.0, 1031: 20.0, 1034: 20.0, 1035: 20.0, 1036: 20.0, 1037: 20.0, 1038: 20.0, 1039: 20.0, 1040: 20.0, 1041: 20.0, 1056: 20.0, 1057: 20.0, 1058: 20.0, 1248: 10.0, 1254: 10.0, 1255: 10.0, 1264: 20.0, 1265: 20.0, 1266: 20.0, 1353: 20.0, 1354: 20.0, 1355: 20.0, 1356: 20.0, 1357: 20.0, 1375: 20.0, 1376: 20.0, 1378: 20.0}",Infill,Extruder 1,infill_sparse_density,parameter,,infill_sparse_density,
43,"{1006: 15.0, 1007: 15.0, 1008: 15.0, 1009: 15.0, 1010: 15.0, 1011: 15.0, 1012: 15.0, 1013: 15.0, 1014: 15.0, 1015: 15.0, 1016: 15.0, 1017: 15.0, 1018: 15.0, 1019: 15.0, 1020: 15.0, 1021: 15.0, 1022: 15.0, 1023: 15.0, 1024: 15.0, 1025: 15.0, 1026: 15.0, 1027: 15.0, 1028: 15.0, 1029: 15.0, 1248: 15.0, 1250: 15.0, 1251: 15.0, 1252: 15.0, 1253: 15.0, 1256: 15.0, 1257: 15.0, 1258: 5.0, 1338: 34.0, 1339: 34.0, 1340: 34.0, 1355: 33.57, 1356: 17.14, 1357: 17.14}",Small Feature Speed,"{1006: 50.0, 1007: 50.0, 1008: 50.0, 1009: 50.0, 1010: 50.0, 1011: 50.0, 1012: 50.0, 1013: 50.0, 1014: 50.0, 1015: 50.0, 1016: 50.0, 1017: 50.0, 1018: 50.0, 1019: 50.0, 1020: 50.0, 1021: 50.0, 1022: 50.0, 1023: 50.0, 1024: 50.0, 1025: 50.0, 1026: 50.0, 1027: 50.0, 1028: 50.0, 1029: 50.0, 1248: 50.0, 1250: 50.0, 1251: 50.0, 1252: 50.0, 1253: 50.0, 1256: 50.0, 1257: 50.0, 1258: 50.0, 1338: 50.0, 1339: 50.0, 1340: 50.0, 1355: 50.0, 1356: 50.0, 1357: 50.0}",Experimental,Extruder 1,small_feature_speed_factor,parameter,,small_feature_speed_factor,
44,"{1017: 15.0, 1018: 15.0, 1019: 15.0, 1020: 15.0, 1021: 15.0, 1022: 15.0, 1023: 15.0, 1024: 15.0, 1025: 15.0, 1026: 15.0, 1027: 15.0, 1028: 15.0, 1029: 15.0, 1030: 15.0, 1031: 15.0, 1166: 15.0, 1167: 15.0, 1168: 15.0, 1169: 15.0, 1170: 15.0, 1192: 15.0, 1193: 15.0, 1248: 20.0, 1250: 20.0, 1251: 20.0, 1252: 20.0, 1253: 20.0, 1280: 32.8, 1282: 27.7, 1283: 32.1, 1284: 27.8, 1285: 30.8, 1286: 25.3, 1287: 31.0, 1288: 28.2, 1289: 27.4, 1290: 23.7, 1291: 29.0, 1292: 32.5, 1293: 30.6, 1294: 24.1, 1295: 27.0, 1296: 32.9, 1298: 35.9, 1299: 35.4, 1300: 36.2, 1301: 23.5, 1302: 31.1, 1304: 27.8, 1305: 30.3, 1306: 24.8}",Initial Layer Print Speed,"{1017: 25.0, 1018: 25.0, 1019: 25.0, 1020: 25.0, 1021: 25.0, 1022: 25.0, 1023: 25.0, 1024: 25.0, 1025: 25.0, 1026: 25.0, 1027: 25.0, 1028: 25.0, 1029: 25.0, 1030: 25.0, 1031: 25.0, 1166: 25.0, 1167: 25.0, 1168: 25.0, 1169: 25.0, 1170: 25.0, 1192: 25.0, 1193: 25.0, 1248: 30.0, 1250: 30.0, 1251: 30.0, 1252: 30.0, 1253: 30.0, 1280: 23.5, 1282: 32.8, 1283: 32.8, 1284: 32.1, 1285: 27.8, 1286: 30.8, 1287: 25.3, 1288: 31.0, 1289: 28.2, 1290: 27.4, 1291: 23.7, 1292: 29.0, 1293: 32.5, 1294: 30.6, 1295: 24.1, 1296: 27.0, 1298: 30.9, 1299: 35.9, 1300: 35.4, 1301: 36.2, 1302: 23.5, 1304: 31.1, 1305: 27.8, 1306: 30.3}",Speed,Extruder 1,speed_print_layer_0,parameter,,speed_print_layer_0,
45,"{1023: 0.25, 1024: 0.25, 1025: 0.25, 1026: 0.25, 1027: 0.25, 1028: 0.25, 1029: 0.25}",Support Z Distance,"{1023: 0.15, 1024: 0.15, 1025: 0.15, 1026: 0.15, 1027: 0.15, 1028: 0.15, 1029: 0.15}",Support,Extruder 1,support_z_distance,parameter,,support_z_distance,
46,"{1024: 0.3, 1025: 0.3, 1026: 0.3, 1027: 0.3, 1028: 0.3, 1029: 0.3}",Minimum Support X/Y Distance,"{1024: 0.2, 1025: 0.2, 1026: 0.2, 1027: 0.2, 1028: 0.2, 1029: 0.2}",Support,Extruder 1,support_xy_distance_overhang,parameter,,support_xy_distance_overhang,
47,"{1051: 0.5, 1053: 0.5, 1054: 0.5, 1055: 1.0, 1056: 1.0, 1057: 1.0, 1058: 1.0, 1097: 1.0, 1098: 1.0, 1131: 1.0, 1138: 2.0, 1139: 2.0, 1140: 2.0, 1141: 2.0, 1142: 2.0, 1143: 2.0, 1144: 2.0, 1145: 2.0, 1146: 2.0, 1147: 2.0, 1154: 2.0, 1155: 2.0, 1156: 2.0, 1157: 2.0, 1158: 2.0, 1159: 2.0, 1160: 2.0, 1161: 2.0, 1162: 2.0, 1163: 2.0, 1164: 2.0, 1165: 2.0, 1166: 2.0, 1167: 2.0, 1168: 2.0, 1169: 2.0, 1170: 2.0, 1192: 2.0, 1193: 2.0, 1248: 1.2, 1250: 1.8, 1251: 1.8, 1252: 1.8, 1253: 1.8, 1254: 1.4, 1255: 1.25, 1338: 0.73, 1339: 0.73, 1340: 0.73, 1348: 0.63, 1349: 0.76}",Regular Fan Speed at Height,"{1051: 0.2, 1053: 0.2, 1054: 0.2, 1055: 0.2, 1056: 0.2, 1057: 0.2, 1058: 0.2, 1097: 0.2, 1098: 0.2, 1131: 0.2, 1138: 0.2, 1139: 0.2, 1140: 0.2, 1141: 0.2, 1142: 0.2, 1143: 0.2, 1144: 0.2, 1145: 0.2, 1146: 0.2, 1147: 0.2, 1154: 0.2, 1155: 0.2, 1156: 0.2, 1157: 0.2, 1158: 0.2, 1159: 0.2, 1160: 0.2, 1161: 0.2, 1162: 0.2, 1163: 0.2, 1164: 0.2, 1165: 0.2, 1166: 0.2, 1167: 0.2, 1168: 0.2, 1169: 0.2, 1170: 0.2, 1192: 0.2, 1193: 0.2, 1248: 0.2, 1250: 0.2, 1251: 0.2, 1252: 0.2, 1253: 0.2, 1254: 0.2, 1255: 0.2, 1338: 0.6000000000000001, 1339: 0.6000000000000001, 1340: 0.6000000000000001, 1348: 0.6000000000000001, 1349: 0.6000000000000001}",Cooling,Extruder 1,cool_fan_full_at_height,parameter,,cool_fan_full_at_height,
48,"{1060: 1.0, 1061: 1.0, 1062: 1.0, 1063: 1.0, 1064: 1.0, 1065: 1.0, 1066: 1.0, 1067: 1.0, 1068: 1.0, 1069: 1.0, 1115: 1.0, 1116: 1.0, 1119: 1.0, 1121: 1.0, 1123: 1.0, 1124: 1.0, 1125: 1.0, 1126: 1.0, 1244: 1.0, 1248: 1.0, 1255: 1.0, 1256: 1.0, 1257: 1.0, 1258: 1.0, 1278: 1.0}",Enable Ironing,"{1060: 0.0, 1061: 0.0, 1062: 0.0, 1063: 0.0, 1064: 0.0, 1065: 0.0, 1066: 0.0, 1067: 0.0, 1068: 0.0, 1069: 0.0, 1115: 0.0, 1116: 0.0, 1119: 0.0, 1121: 0.0, 1123: 0.0, 1124: 0.0, 1125: 0.0, 1126: 0.0, 1244: 0.0, 1248: 0.0, 1255: 0.0, 1256: 0.0, 1257: 0.0, 1258: 0.0, 1278: 0.0}",Shell,Extruder 1,ironing_enabled,parameter,,ironing_enabled,
49,"{1060: 1.0, 1061: 1.0, 1062: 1.0, 1063: 1.0, 1064: 1.0, 1065: 1.0, 1066: 1.0, 1067: 1.0, 1068: 1.0, 1069: 1.0, 1115: 1.0, 1256: 1.0, 1257: 1.0, 1258: 1.0}",Iron Only Highest Layer,"{1060: 0.0, 1061: 0.0, 1062: 0.0, 1063: 0.0, 1064: 0.0, 1065: 0.0, 1066: 0.0, 1067: 0.0, 1068: 0.0, 1069: 0.0, 1115: 0.0, 1256: 0.0, 1257: 0.0, 1258: 0.0}",Shell,Extruder 1,ironing_only_highest_layer,parameter,,ironing_only_highest_layer,
50,"{1096: 2.0, 1097: 2.0, 1098: 2.0}",Extra Infill Wall Count,"{1096: 0.0, 1097: 0.0, 1098: 0.0}",Infill,Extruder 1,infill_wall_line_count,parameter,,infill_wall_line_count,
51,"{1248: 4.0, 1375: 8.0, 1376: 8.0}",Wall Line Count,"{1248: 2.0, 1375: 4.0, 1376: 4.0}",Shell,Extruder 1,wall_line_count,parameter,,wall_line_count,
52,"{1278: 66.0, 1279: 70.0, 1280: 58.0, 1282: 69.0, 1283: 61.0, 1284: 62.0, 1285: 70.0, 1286: 72.0, 1287: 62.0, 1288: 60.0, 1289: 68.0, 1290: 63.0, 1291: 67.0, 1292: 72.0, 1293: 64.0, 1294: 62.0, 1295: 64.0, 1296: 60.0, 1298: 64.0, 1299: 67.0, 1300: 70.0, 1301: 63.0, 1302: 62.0, 1304: 60.0, 1305: 66.0, 1306: 68.0, 1332: 75.0, 1333: 80.0, 1334: 80.0, 1335: 80.0, 1336: 80.0, 1352: 75.6, 1353: 75.6, 1354: 75.6, 1355: 75.6, 1356: 75.6, 1357: 75.6, 1378: 85.0}",Build Plate Temperature Initial Layer,"{1278: 60.0, 1279: 66.0, 1280: 70.0, 1282: 58.0, 1283: 58.0, 1284: 61.0, 1285: 62.0, 1286: 70.0, 1287: 72.0, 1288: 62.0, 1289: 60.0, 1290: 68.0, 1291: 63.0, 1292: 67.0, 1293: 72.0, 1294: 64.0, 1295: 62.0, 1296: 64.0, 1298: 66.0, 1299: 64.0, 1300: 67.0, 1301: 70.0, 1302: 63.0, 1304: 62.0, 1305: 60.0, 1306: 66.0, 1332: 65.0, 1333: 65.0, 1334: 65.0, 1335: 65.0, 1336: 65.0, 1352: 65.0, 1353: 65.0, 1354: 65.0, 1355: 65.0, 1356: 65.0, 1357: 65.0, 1378: 80.0}",Material,,material_bed_temperature_layer_0,parameter,,material_bed_temperature_layer_0,
53,"{1278: 1.0, 1337: 1.0, 1338: 1.0, 1339: 1.0, 1340: 1.0}",Enable Bridge Settings,"{1278: 0.0, 1337: 0.0, 1338: 0.0, 1339: 0.0, 1340: 0.0}",Experimental,,bridge_settings_enabled,parameter,,bridge_settings_enabled,
54,"{1375: 8.0, 1376: 8.0}",Top Layers,"{1375: 4.0, 1376: 4.0}",Shell,Extruder 1,top_layers,parameter,,top_layers,
55,"{1375: 8.0, 1376: 8.0}",Bottom Layers,"{1375: 4.0, 1376: 4.0}",Shell,Extruder 1,bottom_layers,parameter,,bottom_layers,
